Comments,,
These people are true fascists. We need to dismantle this apartheid atrocity.,,
"They are not soldiers, they are EXTREMIST and EVILDOERS ",,
"All dogs have their eyes on the $500 billion worth of gas, and everyone is eager for their share.",,
Pray for palestine ,,
Pray for palestine ,,
Palestine must be freed,,
Bullshit. Completely fake.,,
"Not Israeli soldiers, not wearing standard or specialized issued IDF boots, Guess you forgot that little detail while producing the video.",,
Busted!! #Pallywood Take number #47373  IDF soldiers with sport shoes and AliExpress vest ,,
Free Palestine,,
"A country that asserts its power is waging war against women, children and common citizens, the rules of war are being broken every day, and the world is silent even as the world watches, humanity is collapsing in the world. STOP THE GENOCIDE
#FreePalestine #FreeGazaNow",,
"It's important for Americans to pay attention to events like this one - not just in Israel and the West Bank, but around the world. Foreign policy and international affairs can have a big impact on American lives and our economy, whether it's through trade, immigration, national…",,
IDF Soldiers laughing About Murdering the people of Gaza. *All the Detergent in the World cant make you Clean!*,,
It’s kinda like this video:,,
 An eye for an eye makes both sides blind. This will never end.,,
The Hindutva gang members in India using Diwali festival crackers video of Delhi to equate and celebrate like that of Israel bombing of Gaza. twitter.com/SudarshanNewsT…,,
Don’t care ,,
 An eye for an eye makes both sides blind. This will never end.,,
Liars.,,
"Hamas brutally beat Gaza civilians who were tired of getting food from humanitarian aid trucks.  Hamas took the goods for itself.  This is a strong attack on humanity, kindness and charity, which I strongly condemn.

Via- kann_news",,
I seriously don’t know how anyone can defend these people..,,
They don't even care that they are being filmed,,
"They just keep showing their true nature. Just like a brother said, ""I need to be more religious, as there is no way I am spending eternity in Hell with Israeli's."" May Allah unveil & awaken our hearts, minds, ears & eyes, so we turn to Him. Before Dajjals arrival!",,
This is textbook terrorism,,
His cries for his mom and dad it’s so horrible! This whole country must be dismantled. The beginning of the end they’re trying to make their final blow.,,
So twisted and sickening,,
"Serious, how are they not considered a terrorist state and organization at this point?",,
"Honestly, looks a lot like US policing.",,
This is Nazi Germany written all over it.,,
I seriously don’t know how anyone can defend these people..,,
They don't even care that they are being filmed,,
"They just keep showing their true nature. Just like a brother said, ""I need to be more religious, as there is no way I am spending eternity in Hell with Israeli's."" May Allah unveil & awaken our hearts, minds, ears & eyes, so we turn to Him. Before Dajjals arrival!",,
This is textbook terrorism,,
His cries for his mom and dad it’s so horrible! This whole country must be dismantled. The beginning of the end they’re trying to make their final blow.,,
So twisted and sickening,,
"Serious, how are they not considered a terrorist state and organization at this point?",,
"Honestly, looks a lot like US policing.",,
This is Nazi Germany written all over it.,,
choosen people by shaytan,,
"If we had iPhones & body cams in occupied Europe of the 1940s I wonder how similar these scenes would be; when the Gestapo came for Anne Frank's family, is this what it looked like?",,
Isrheil criminels de guerre !,,
Zionists,,
"If we had iPhones & body cams in occupied Europe of the 1940s I wonder how similar these scenes would be; when the Gestapo came for Anne Frank's family, is this what it looked like?",,
Isrheil criminels de guerre !,,
The real terorist,,
#IsraelTerorrist,,
Did occupiers give the children two bottle of water for propaganda?,,
How are the israelis are the ‘chosen people’ again?,,
"I am glad I could never get used to this. When I was younger I got desensitized with violence, but people can attain humanity if they work for it. We should never let go of our humanity and never forget.",,
True evil on the loose,,
Why can’t the palestinians seeing the incident grab whatever can and rushed to the rescue of a fellow friend!I am watching too much hollywood movie and expect can happen like in the movie .. haha.,,
"Lol, they didn't even bother faking a Hebrew accent  this is as real as your entire fake narrative",,
"Hello any Human there.....,,,,,,,,,,,,,,
Savages ,,,,,,,,,,,,,,
I am glad I could never get used to this. When I was younger I got desensitized with violence"," but people can attain humanity if they work for it. We should never let go of our humanity and never forget.""",
True evil on the loose,,
Why can’t the palestinians seeing the incident grab whatever can and rushed to the rescue of a fellow friend!I am watching too much hollywood movie and expect can happen like in the movie .. haha.,,
"Lol, they didn't even bother faking a Hebrew accent  this is as real as your entire fake narrative",,
Savages ,,
Chosen people ,,
Butchers,,
From the river to the sea Palestine will be free! ,,
"God is Sufficient for us, and He is the Best Trustee, the Best Helper, the Best Master, and the Best to rely upon. Khaybar, Khaybar, O Jews, the army of Muhammad will return, Allah is the Greatest, Allah is the Greatest, Allah is the Greatest.",,
And people are still asking why Al Aqsa Flood happened.,,
Oh my god,,
Restore the State of Palestine!,,
Boycott Netflix,,
Former US marine’s pro-Palestine interview resurfaces online,,
barbarians,,
If none of you know this is how hamas was created,,
Is that soldier wearing sneakers?,,
#IsraelTerrorism,,
Another proof,,
Once again we will repeat it never enough without their weapons they are nothing we saw it well in 1942,,
This is what happens to the Palestinians that are supposedly Free,,
In front of his children ,,
If none of you know this is how hamas was created,,
Is that soldier wearing sneakers?,,
#IsraelTerrorism,,
The IDF is a terrorist organization! That is all,,
"The fact that hours before they made palestinians pose with bottle waters and said ""we're not scum"" (which btw they're the ones depriving them of every basic need). At least wait some days or something.",,
US standards of civilization,,
"This is why the Palestinians in the West Bank must be armed. Instead of arming the people, the so-called “Palestinian” Authority does israel’s work for them.",,
I hate Israel the Nazi regime.,,
"Terrorists have often had young children participate in using explosives and weapons.  They are trained in #Hamas ""summer camps"" to do just that.  It's a sad reality.",,
"Hebron is not occupied, it's under PA.
Israel has 'security responsibility' to arrest people that threat to its country, and cause a risk in engaging terror.

I pity his daugther to have witness it, because her father chose to be a criminal.",,
Well done on the space Truth. Appreciate you,,
Thanks!! I appreciate you coming on.,,
Great news,,
But hamas made me do it ,,
Toddler among US hostages in Gaza – White House,,
The White House says that a three-year-old American whose parents were killed by Hamas is among the hostages in Gaza.,,
President Joe Biden raised  the issue of hostages including a toddler,," with a call…"""
i hope he won't get a heartattack or car-/swimmingaccident in the next time,,
Palestinians appreciate very much every effort that comes in support of their cause.,,
Why is not on our major news outlets????,,
"Good luck with that, Israel is doing everything by the book.",,
"Zionists mocking pro-Palestine protesters. Disgusting behaviour from disgusting people.

#palestine #savepalestine #savegaza #palestina #palestinian #jerusalem #children #israel #alquds #bds #islam #alaqsa #prayforpalestine #gazastrip #turkey #savepalestina #savealaqsa #muslim…",,
"Dua 

Mere we can do for Palestine is 
Make Dua
Make Dua for Palestine
It will make our brothers in Palestine victorious

God willing

#PrayForPalestine",,
"In memory of more than 10,000 martyrs of the Gaza Strip, a magnificent demonstration was held at Oslo Railway Station by Norwegians #FreePalaestine #PrayForPalestine #GazaUnderAttack #Gaza_Genocide 
",,
"Their mosques are being heated under the bombs, they're still not missing any prayers!

Our mosques are being cooled with fans and ACs, and we're still skipping all 5 prayers!
#JummahMubarak #PrayForPalestine",,
"Yemen  Stand with Palestine  

#WeStandWithPalestine
#PrayForPalestine
#IsraelisATerorristState",,
"#Assalamuwalaikum 
A father lost his four children; his world has come to an end. May Allah protect the people of Palestine. Amen  

#freepalestian 
#PrayForPalestine",,
"#Hezbollah's anti-ship #missiles, a little remedy for those pesky foreign #warships in the #Mediterranean
#PrayForPalestine #PalestineWillBeFree #Palestine ",,
"#AllahHuAkbar
Without a doubt, with courage and bravery, a grenade was thrown into the barrel of the tank, destroying it
#FreePalaestine #PrayForPalestine #GazaUnderAttack #Gaza_Genocide 
",,
"May Allah safeguard the people of Palestine, bless them with strength and resilience, and bring an end to their sufferings
 #PrayForPalestine #DivineProtection
#FreePalaestine 
#FreePalestine 
#WeStandWithPalestine 
#WeStandWithGaza
#FreePalestineFromIsrael",,
"Khalid bin al waleed Mosque was completely destroyed by Israeli shelling in khan Younis, Gaza.
#gazaunderattack #palastine 
#prayforgaza #prayforpalestine",,
"Gaza under heavy attack now.
5-11-23

#Palestine #PalestinianLivesMatter #prayforpalestine #gaza #Gazagenocide #IsrealPalestineconflict #PrayForPalestine #IsraelTerrorists #PalestineGenocide #PalestineWar #GazaHospital #IsraelAttack #GazaUnderAttack #GazaUnderSiege…",,
"More beautiful Zionist talk.
Would you like these people to live in your country?

#palestine #savepalestine #savegaza #palestina #palestinian #jerusalem #children #israel #alquds #bds #islam #alaqsa #prayforpalestine #gazastrip #turkey #savepalestina #savealaqsa #muslim…",,
"Are you not entertained enough?

#Palestine #PalestinianLivesMatter #prayforpalestine #gaza #Gazagenocide #IsrealPalestineconflict #PrayForPalestine #IsraelTerrorists #PalestineGenocide #PalestineWar #GazaHospital #IsraelAttack #GazaUnderAttack #GazaUnderSiege…",,
Highlights from last nights debate: We must condemn the terrorist group of HAMAS! #usa #hamasterrorists #hamaspalestine #palestine #nikkihaley #gop #gopdebate #israel #prayforpalestine #prayforisrael,,
The Quick Story About Israel Actions #FreePalaestine #ISLAM  #prayforpalestine #gazastrip #savepalestina #uk #unitedstates #unitedkingdom #northernireland #london #greatbritian #england #NYC #WashingtonDC #losangeles #sanfrancisco #chicago #longislandcity #Spain #Madrid #Berlin,,
"Our Patience is nothing…..
#prayforpalestine
#freepalestine",,
"#AllahHuAkbar

This is spain

#FreePalaestine #PrayForPalestine #GazaUnderAttack #Gaza_Genocide 
@IMshamstrz",,
"We are minutes away from death’: Gaza’s al-Shifa Hospital under attack

#FreePalestineFromIsrael #PrayForPalestine",,
":That was amazing and the real truth - you just nailed it, man. Our prayers are with Gaza and the Palestinian people. #StandWithGaza #PrayForPalestine” #USA #usataxe",,
"TLP Millions March Towards Islamabad. Pro Palestine Protest In Pakistan. Every Body Is So Angry On Israel Attack On Palestine.

#Palestine #PalestinianLivesMatter #prayforpalestine #gaza #Gazagenocide #IsrealPalestineconflict #PrayForPalestine #IsraelTerrorists…",,
"Let us join together in heartfelt prayers for the people of Palestine. May Allah protect them, grant them strength, and bring an end to the injustice they face. 
#PrayForPalestine #JummahMubarak #PeaceForPalestine #FreePalestine 
#FreePalaestine 
#FreePalestine…",,
"This little girl is called Julia. She lost her parents in the bombing by Israel in Gaza.

#FreePalestine #IsraelTerroristState #PrayForPalestine 
   #gazaholocust",,
"Philippine human rights campaigner granted bail

#FreePalestineFromIsrael #PrayForPalestine",,
"Day 1150: I thought it was a high number but it is 9,150 less than the number murdered in #Gaza #Palestine since 7 October! #100daysofwalking #200DaysOfWalking #drogheda #PrayForGaza #PrayForPalestine #300daysofwalking #CeasefireForGaza",,
"We keep that winning feeling ! 
Let’s continue the good work

#FreePalestineFromIsrael #PrayForPalestine",,
"#Assalamuwalaikum   

#freepalestian 
#PrayForPalestine",,
"Powerful words and great resilience from the Gaza resident, Abu Osama Daher, after his wife and all his children became martyrs in the Zionist Israeli bombing in the northern Gaza Strip today.",,
"#PrayForPalestine #StopGenocidelnGaza""",,
Julia (3 years old) lost her only family to an Israeli bombing  O God Allah Almighty Please help Palastinians Gaza's people Ameen  #StopGenocideOfPalestinians #StopGenocideInGaza #PrayForPalestine #PrayForGaza,,
"What is the Khalistan movement? How is it linked to India-Canada tensions?

#FreePalestineFromIsrael #PrayForPalestine #PrayForGhaza #PrayForPeace",,
"Gaza has been asked to choose between ethnic cleansing and genocide…

#palestine #savepalestine #savegaza #palestina #palestinian #jerusalem #children #israel #alquds #bds #islam #alaqsa #prayforpalestine #gazastrip #turkey #savepalestina #savealaqsa #muslim #humanrights…",,
"Bantuan Kesehatan dan Alat Medis untuk Palestina alhamdulillah telah tersalurkan pada hari Kamis, 9 November 2023. Bantuan ini diberikan ke Pusat Kesehatan Syuhada Jabaliya, Gaza Utara berupa 1 unit alat bantu kesehatan dan 30 paket kebutuhan medis.
#prayforpalestine",,
"Many Palestinians continue to struggle for survival due to limited access to basic necessities.


#PrayforPalestine 
#Palestine #Gaza #PrayForPalestine #Pakistan #Alkhidmat",,
"Dumbass Zionist propaganda and lies debunked again. This time by 
@AJEnglish
 

#palestine #savepalestine #savegaza #palestina #palestinian #jerusalem #children #israel #alquds #bds #islam #alaqsa #prayforpalestine #gazastrip #turkey #savepalestina #savealaqsa #muslim #humanrights…",,
"Breaking...

#Palestine #PalestinianLivesMatter #prayforpalestine #gaza #Gazagenocide #IsrealPalestineconflict #PrayForPalestine #IsraelTerrorists #PalestineGenocide #PalestineWar #GazaHospital #IsraelAttack #GazaUnderAttack #GazaUnderSiege #CeasefireForGazaNOW",,
Manipulation of media narratives in the Israeli-Palestinian conflict #FreeGazaNow #FreePalaestin #PrayForPeace #PrayForPalestine,,
"#AsslamuAllekum  may Allah be pleased with him.
Abu Ubaidah reiterated the statement of Khalid bin Walid",,
"By God! I have brought to you people who love death just as you love life. Insha'Allah  Allah will surely grant success one day.'""",,
"#FreePalaestine #PrayForPalestine  #Gaza_Genocide""",,
" #StandWithPalestine  We mourn the loss of many brothers and sisters to acts of terrorism. Together, let's strive for peace and justice. 
Do you know who the real terrorists are?   Everyone know them Occupier
#PrayForPalestine #EndViolence ",,
"In Jakarta, people are enthusiastic about #PrayForPalestine",,
This is Reality.    #PrayForPalestine,,
"Local sources
Armed clashes broke out around the Balata camp, east of Nablus. #prayforpalestine #GazaGenoside #IsraelTerorrist #IsraelNewNazisim",,
"Written on our college whiteboard 
#FreePalaestine #PrayForPalestine",,
"Palestinians valiantly stand for their faith and strive to protect Islam, reaching out their hand for our crucial support.


#PrayforPalestine 
#Palestine #Gaza #PrayForPalestine",,
"O Allah, strengthen the defense of the Palestinian fighters against their enemies (Zionist Israel and its allies).

O Allah, help the Palestinian fighters and grant them victory over their enemies.",,
"#WeStandWithPalestine #FreePalestine #PrayForPalestine""",,
"Listening to this 

#FreePalaestin #FreePalaestine #FreePalestineFormZionist #PrayForGaza #PrayForPalestine",,
" Heartbreaking to see the destruction in Palestine. Let's stand together and pray for peace, justice, and support for the affected. May Allah bring relief to those in need.  #PrayForPalestine #PeaceAndJustice
 #Gaza_Geniocide 
#CeasefireInGazaNOW 
#Survivor",,
#freepalestian ,,
"#PrayForPalestine""",,
"Oh Palestine, you are in our hearts and prayers. ""Our Lord, pour upon us patience and plant firmly our feet and give us victory over the disbelieving people."" Quran, 2:250 #FreePalestine #SaveGaza #PrayForPalestine",,
"This is an example of how to destroy your life in a blink of eyes.

May Allah help them 

#PrayForPalestine  https://twitter.com/missfalasteenia/status/1723095857984049381…",,
"The last hug
from the river to the sea,Palestine will be free

Free free Palestine free free plaestine 

#palestine #freepalestine #istandwithpalestine #freepalestine #istandwithpalestine #palestinewillbefree #palestineunderattack #prayforpalestine #gaza #gazaunderattack",,
"A man is seen pulling a cart to transfer injuries to hospital in khan Younis, southern Gaza city. 5.11.23 
#freepalestine #freepalestine #gaza #palestine #freegaza #prayforgaza #prayforpalestine #savegaza #staywithpalestine",,
#gaza #PrayForPalestine #FreePalestine #FreePalestin #motaz_azaiza #GazaHolocaust #Gaza_Geniocide #أبوعبيدة #الاتحاد_ابها #Trending,,
Don't stop talking about PALESTINE #palestinegenocide #freepalestine #palestinewillbefree #prayforpalestine,,
"More than two million Indonesians gathered at Monas,Jakarta this morning to pray together and show their support for Palestine.
Presiden Joko Widodo
#SavePalestine
#HelpPalestine
#PrayForPalestine
#WeStandWithPalestine",,
"CALL FOR CEASEFIRE NOW
#ceasefirenow #PrayForPalestine",,
This is Indonesia for PALESTINE #savepalestine #indonesiastandwithpalestine #palestinewillbefree #PrayForPalestine #palestinevictory,,
#stopgenocide #stopkillingkids #prayforpalestine #freepalestine  From Indonesia ,,
"The Alkhidmat Foundation Woman Wing is endeavoring to provide essential supplies to the people of Gaza.

#PrayforPalestine 
#Palestine #Gaza #PrayForPalestine #Pakistan #Alkhidmat",,
"May Allah swt send His Greatest help to the people of #Gaza. May Allah swt grant victory to the #Palestineans, May Allah swt protects all of you. Aamiin ya Rabbal Alamiin #prayforGaza #prayforPalestine #FreePalestine #CeaseFireInGaza #CeasefireNOW #solidaritywithpalestine",,
"Good morning. May Allah bless you with health and prosperity on this day.#Azaan #Prayer #Namaz #Muslims #PrayForPalestine #PrayForGazan #gaza #bycottIsrealProducts #bycott_isreal_products #bycott #bycottmacdonald #ALQuran
#Hadees Nabvi
#Farman_E_Ilahi
#urdu #",,
"Its ccrazy to think how the people that got bullied by Hitler, are now the bullies. At one point they were begging for peace and now they couldnt care less about it, the world is a shambles, #PrayForPalestine",,
"#FreePalestineNow 
#PalestineUnderAttack
#PalestineGenocide 
#PalestineHolocaust 
#PrayForPalestine
A gift from Indonesia for our brothers and sisters, the guardians and defenders of the land of Syria, Palestine. 'With our souls, with our blood, we sacrifice for you, O Aqsa,,,,,,,,,,,,,,
Israel is a TERRORIST STATE ",,
#IsraelisATerorristState ,,
#FreePalaestine ,,
#FreeGazaNow ,,
"#PrayForPalestine""",,
"Only to Him we seek
Only Him who guides

#blessed
#PrayForPalestine
#FreePalestine",,
"Words can’t even……… 

#Palestine #PalestinianLivesMatter #prayforpalestine #gaza #Gazagenocide #IsrealPalestineconflict #PrayForPalestine #IsraelTerrorists #PalestineGenocide
#PalestineWar #GazaHospital #IsraelAttack #GazaUnderAttack #GazaUnderSiege #CeasefireForGazaNOW",,
"Pakistan has not given Ukraine, which is at war with Russia, any weapons, and it has no intention of doing so.
#ukraine #palestine #PrayForPalestine #IsraeliCrimes #RussiaWar",,
"Despite the prevalence of playing games, Palestinian children contend with dire circumstances and a constant battle for survival.

#Palestine #Gaza #PrayForPalestine #Pakistan",,
"#AsslamuAllekum
#GoodMorningTwitterWorld 
Do you not know that the sovereignty of the earth and the heavens is for Allah alone, and besides Allah, there is no one else worthy of your devotion and help? #Quran 2/107 #FreePalaestine #PrayForPalestine #GazaUnderAttack #Gaza_Genocide #Shams_T",,
This video broke me tonight. We never know kan how our life could inspire/affect other people. Lagi2 kalau mmg kita pempengaruh. This is really really sad  #PrayForPalestine,,
Hope the other leaders also wake up. #PrayForPalestine,,
The  is with Palestine. But some of our pretentious muslim brothers are acting weird #prayforPalestine,,
"Alkhidmat Foundation's Woman's Wing bringing hope to the people of  Gaza, one blanket bring children's smile light up their darkest days.
601-5
#Palestine #Gaza #PrayForPalestine #Pakistan #Alkhidmat",,
Sending prayers and hope for peace to the people of Gaza and Palestine.  #PrayForGaza #PrayForPalestine,,
"Make dua for our brothers and sisters of Palestine 
#FreePalestine 
#PrayForPalestine
#FreePalaestine 
#FreePalestine 
#WeStandWithPalestine 
#WeStandWithGaza",,
Sending prayers and hope for peace to the people of Gaza and Palestine.  #PrayForGaza #PrayForPalestine,,
"Make dua for our brothers and sisters of Palestine 
#FreePalestine 
#PrayForPalestine
#FreePalaestine 
#FreePalestine 
#WeStandWithPalestine 
#WeStandWithGaza",,
Ayeza Khan responds to criticism over Palestine post #AyezaKhan #CelebrityNews #PrayforPalestine https://oyeyeah.com/celebrity/ayeza-khan-responds-to-criticism-over-palestine-post/…,,
"Pray for palestine

#PrayForPalestine",,
Ayeza Khan responds to criticism over Palestine post #AyezaKhan #CelebrityNews #PrayforPalestine https://oyeyeah.com/celebrity/ayeza-khan-responds-to-criticism-over-palestine-post/…,,
"Pray for palestine

#PrayForPalestine",,
"Let no one seduce you with vain thoughts; it is precisely these things that kindle the anger of God against rebellious men


#PalestineGenocide 
#PrayForPalestine",,
"#AllahHuAkbar
#AllahHuAkbar
.
#FreePalaestine #PrayForPalestine #GazaUnderAttack #Gaza_Genocide 
@IMshamstrz",,
"A victim of #ısraelTerrorists.

#Palestine #PalestinianLivesMatter #prayforpalestine #gaza #Gazagenocide #IsrealPalestineconflict #PrayForPalestine #IsraelTerrorists #PalestineGenocide #PalestineWar #GazaHospital #IsraelAttack #GazaUnderAttack #GazaUnderSiege #CeasefireForGazaNOW",,
"#Hezbollah's anti-ship #missiles, a little remedy for those pesky foreign #warships in the #Mediterranean
#PrayForPalestine #PalestineWillBeFree #Palestine ",,
"Their mosques are being heated under the bombs, they're still not missing any prayers!

Our mosques are being cooled with fans and ACs, and we're still skipping all 5 prayers!
#JummahMubarak #PrayForPalestine",,
"#FreePalaestine
#FreePalaestine 
#PrayForPalestine
@IMshamstrz",,
#freepalestian ,,
"#PrayForPalestine""",,
"The bombings near the Indonesian Hospital in Gaza are a tragic reminder of the devastating impact of war. Innocent lives lost, families shattered. 
And still Israel calls it self defence.
#CeasefireInGazaNOW #PrayForGaza 
 #PrayForPalestine #PeaceAndJustice
 #Gaza_Geniocide…",,
"The whole of America and Europe should stand behind the Israelis, victory or martyrdom is the only way for us, #Abu_Ubaida

 #FreePalestine #PrayForPalestine #Gaza #Gaza_Genocide #GazaHolocaust #Loki #Bitcoin #BANGYEDAM #Ethereum #SaraAliKhan #goldprice #Bhakts #Omegle #Gaza",,
"The sky of #Gaza is illuminated by flash #BOMBs dropped by the occupation #IsraelisaGenocidalState #IsraelTerrorists #FreePalestineNow 
#Prayforgaza
#PrayForPalestine 
#AlAqsaFlood 
#AlAqsaNeedsAyubi",,
"#AllahHuAkbar
You cannot defeat such a nation that never accepts defeat
#FreePalaestine #PrayForPalestine #GazaUnderAttack #Gaza_Genocide 
@IMshamstrz",,
"#AllahHuAkbar
Unbelievable confidence, bravery, daring - a grenade was thrown into the barrel of the tank, destroying it
#FreePalaestine #PrayForPalestine #GazaUnderAttack #Gaza_Genocide 
",,
"We are minutes away from death’: Gaza’s al-Shifa Hospital under attack

#FreePalestineFromIsrael #PrayForPalestine",,
"Stop Gaza genocide
#prayforPalestine
#freePalestine",,
"More beautiful Zionist talk.
Would you like these people to live in your country?

#palestine #savepalestine #savegaza #palestina #palestinian #jerusalem #children #israel #alquds #bds #islam #alaqsa #prayforpalestine #gazastrip #turkey #savepalestina #savealaqsa #muslim…",,
Highlights from last nights debate: We must condemn the terrorist group of HAMAS! #usa #hamasterrorists #hamaspalestine #palestine #nikkihaley #gop #gopdebate #israel #prayforpalestine #prayforisrael,,
"#AsslamuAllekum 
Do not say that our problems are big to Allah, but rather tell your problems that our Allah is very great, merciful, and generous. Insha'Allah, Allah will make everything better one day
#FreePalaestine #PrayForPalestine #GazaUnderAttack #Gaza_Genocide #Shams_T 
",,
"Well said Rangers fan David

I hope many more Rangers fans speak out about the Genocide taking place in Gaza right now. 
#PrayForPalestine ",,
"Let us join together in heartfelt prayers for the people of Palestine. May Allah protect them, grant them strength, and bring an end to the injustice they face. 
#PrayForPalestine #JummahMubarak #PeaceForPalestine #FreePalestine 
#FreePalaestine 
#FreePalestine…",,
"With 75 years under occupation. Palestine don't need peace, We want freedom.. 

#WestandwithPalestine #raiseVoiceForPalestine #FreePalestine #PrayForPalestine #PalestinianLivesMatter",,
"Even Birds Know Israel Is Terrorist Nation.
Free Palestine 
Pray For Palestinian Peoples.

#Palestine #PalestineUnderAttack
  #Iran #PrayForPalestine
#IsraelTerorrist
#Hezbollah #Israel  #Lebanon
 #Hamas #Gaza
#SupportGaza #فلسطين #Lebanonnews #Gaza  #AlAqsaFloodOperat",,
"Gaza’s two biggest hospitals cease operations as WHO warns of rising deaths

#FreePalestineFromIsrael #PrayForPalestine",,
"Philippine human rights campaigner granted bail

#FreePalestineFromIsrael #PrayForPalestine",,
"Palestine girl's appeal. 
#Palestine 
#PrayForPalestine #StopTheWarNow",,
"I have concerns abt AI regarding
#palestine Q. 
#GazaHolocaust #freepalestine #istandwithpalestine #freepalestine#istandwithpalestine #palestinewillbefree #palestineunderattack #prayforpalestine #gazaunderattack #gazapalestine #freegaza #طوفان_الاقص
""10,000 Palestinians""",,
"We keep that winning feeling ! 
Let’s continue the good work

#FreePalestineFromIsrael #PrayForPalestine",,
"American nurse talks about her experience in Gaza. 

#palestine #savepalestine #savegaza #palestina #palestinian #jerusalem #children #israel #alquds #bds #islam #alaqsa #prayforpalestine #gazastrip #turkey #savepalestina #savealaqsa #muslim #humanrights #apartheid 
#gaza…",,
" Over 100 Congressional staffers unite in a powerful walkout at the US Capitol, demanding a ceasefire in Gaza. Their call for peace echoes across the nation.  #CeasefireNow #PeacefulResolution #UnitedForPeace 
 #PrayForPalestine #PeaceAndJustice
 #Gaza_Geniocide…",,
"Turkish women condemn Israel in sit-in protest for Palestine

#FreePalestineFromIsrael #PrayForPalestine #PrayForGhaza #PrayForPeace",,
"United in solidarity, sending prayers for the safety and well-being of the people of Palestine.  #StandWithPalestine #PrayForPalestine
#FreePalaestine 
#FreePalestine 
#WeStandWithPalestine 
#WeStandWithGaza",,
"Exclusive: Chinese Submarine, Warships In Karachi - What It Means For India

#FreePalestineFromIsrael #PrayForPalestine #PrayForGhaza #PrayForPeace",,
"Health assistance and medical supplies for Palestine, Alhamdulillah, have been distributed on Thursday, November 9, 2023. This aid was given to the Syuhada Jabaliya Health Center in North Gaza in the form of 1 unit of health aid and 30 medical supply packages. #prayforpalestine",,
Injustice crime   no matter how high it may rise  remember that in the court of Allah  there is only justice., crime,
"#FreePalaestine #PrayForPalestine #GazaUnderAttack #Gaza_Genocide""",,
"Russia-Ukraine war live: Germany to ‘massively expand’ support for Ukraine, foreign minister says

#FreePalestineFromIsrael #PrayForPalestine #PrayForGhaza #PrayForPeace",,
"Explained like you are a five years old                                    Illustration by 

          #prayforpalestine #digitalart #illustration #humanity #humanrights #stayontherightsideofhistory",,
"Powerful Tuesday Prayer
#FreePalestine 
#PrayForGhaza 
#PrayforPalestine",,
" #StandWithPalestine   #EndViolence  
 We mourn the loss of many brothers and sisters to acts of terrorism. Together, let's strive for peace and justice. #PrayForPalestine #EndViolence 
`terrorists  Occupier `",,
This is Reality.    #PrayForPalestine,,
"Let's continue to keep Palestine in our thoughts and prayers. May peace, justice, and comfort find their way to the resilient people of Palestine.  #PrayForPalestine",,
"South Africa stand with Palestine  

#PrayForPalestine #FreePalestineFromIsrael #IsraelisATerorristState 
#طوفان_الأقصى",,
"Indeed Almighty Allah! Will help you and reward you more than these hardships.
#ArmiesToAqsa
#PrayforPalestine 
#Gaza #Gaza #Gaza_Genocide #GazaHolocaust #أبوعبيدة #IsraelisaGenocidalState #PalestinianLivesMatter",,
"Did something similar but because she was proudly transphobic. It hurts at first, but then you realize how relieved you'll feel not having someone so hateful in your circle. Anyways #PrayForPalestine ",,
"London, throughout Britain, and around the world, a historic day and protest

#FreePalaestine #PrayForPalestine #GazaUnderAttack #Gaza_Genocide 
@IMshamstrz",,
" Heartbreaking to see the destruction in Palestine. Let's stand together and pray for peace, justice, and support for the affected. May Allah bring relief to those in need.  #PrayForPalestine #PeaceAndJustice
 #Gaza_Geniocide 
#CeasefireInGazaNOW 
#Survivor",,
"A heartfelt prayer for the people of Palestine, especially the children of Gaza. May they find peace, solace, and relief from their suffering.  #PrayForPalestine #ChildrenOfGaza #HopeForPeace",,
"""Selective humanity""  you're doing the same thing the western world is doing with Ukraine and Palestine. Do not disregard a nations crisis because of another. 
#PrayforPalestine 
#PrayforSudan
#Prayforcongo",,
"Listening to this 

#FreePalaestin #FreePalaestine #FreePalestineFormZionist #PrayForGaza #PrayForPalestine",,
"Cursed be whatever happens after my death

#StopGazaGenocide 
#FreePalestine 
#PrayForPalestine",,
"The killers of the she-camel of Prophet Saleh (peace be upon him) were only four people. The entire nation was punished because the rest committed the crime of remaining silent.

Insha'Allah, Israel will also soon face the consequences

#FreePalestineNow 
#PrayForPalestine",,
Plans genocide with his family #NetanyahuIsAwarCriminal psychopath  #PrayForPalestine ,,
"The Israeli occupying forces launched an attack on the Qalandiya refugee camp north of Jerusalem, firing tear gas towards homes. #FreePalaestine #PrayForPalestine #GazaUnderAttack #Gaza_Genocide 
",,
"#AsslamuAllekum
In front of your strength, there are those righteous servants of Allah who have more faith in their Lord than in their strength. From today onwards, if anyone talks about trusting weapons, show them this picture. #FreePalaestine #PrayForPalestine #GazaUnderAttack #Gaza_Genocide #Shams_T 
",,
#SavePalestine_FromZionism #PrayForGaza #PrayForPalestine #StandWithPalestine #PalestineWillBeFree,,
"#AsslamuAllekum
And your Lord says", 'Call upon Me; I will respond to you.' Indeed, those who disdain My worship will enter Hell [rendered] contemptible. 40/60 #FreePalaestine #PrayForPalestine  #Gaza_Genocide #Shams_T 
"@IMshamstrz""",,
This is Indonesia for PALESTINE #savepalestine #indonesiastandwithpalestine #palestinewillbefree #PrayForPalestine #palestinevictory,,
Don't stop talking about PALESTINE #palestinegenocide #freepalestine #palestinewillbefree #prayforpalestine,,
children never lie #FreePalestineFromIsrael #IsraelCuak #PrayForGaza #PrayForPalestine,,
"I'm not anti-Semitic , I'm not racist , I'm not terrorist , but what's happening now in Gaza is GENOCIDE and I can't agree with something like that forever  !!! 

#StopGenocideInGaza 
#PrayForPalestine",,
"Their tiny hearts, with heavy burdens, weigh, In the midst of chaos, they find their way.

#Palestine #Gaza #PrayForPalestine #Pakistan #Alkhidmat #DonateForPakistan",,
"Estamos vendendo imagens constantes de necrotério a céu aberto em Gaza!! O genocídio persiste e o governo de Israel parece não deter o genocídio do povo Palestino.  #PrayForPalestine #StopGenocide""",,
#gaza #PrayForPalestine #FreePalestine #FreePalestin #motaz_azaiza #GazaHolocaust #Gaza_Geniocide #أبوعبيدة #الاتحاد_ابها #Trending,,
"God bless the people of Palestine.

This needs to stop. It's just NOT right.

#PrayForPalestine https://twitter.com/swilkinsonbc/status/1723828770459496540…",,
"Only to Him we seek
Only Him who guides

#blessed
#PrayForPalestine
#FreePalestine",,
"Israel is a TERRORIST STATE 

#IsraelisATerorristState 

#FreePalaestine 
#FreeGazaNow 
#PrayForPalestine",,
"""Is there a bigger dream than to want to go back to your home?""
Deep words from such a young mind.
May Allah Subhanahu Wa Ta'la grant them victory. 
#PrayForGaza #PrayForPalestine
#FreePalestine #BDS
",,
"Words can’t even……… 

#Palestine #PalestinianLivesMatter #prayforpalestine #gaza #Gazagenocide #IsrealPalestineconflict #PrayForPalestine #IsraelTerrorists #PalestineGenocide
#PalestineWar #GazaHospital #IsraelAttack #GazaUnderAttack #GazaUnderSiege #CeasefireForGazaNOW",,
"Despite the prevalence of playing games, Palestinian children contend with dire circumstances and a constant battle for survival.

#Palestine #Gaza #PrayForPalestine #Pakistan",,
"Jungkook Zionist
Boycott #Zionist 
STAND WITH PALESTINE
PRAY FOR PALESTINE
#PrayForPalestine
#FreePalestine 
#SaveChildren",,
This video broke me tonight. We never know kan how our life could inspire/affect other people. Lagi2 kalau mmg kita pempengaruh. This is really really sad  #PrayForPalestine,,
"Ironically, that’s how this whole thing started, buddy..Zionist Jews coming into Palestine and using intimidation tactics to build an apartheid state #PrayForPalestine",,
"Pakistan has not given Ukraine, which is at war with Russia, any weapons, and it has no intention of doing so.

#ukraine #palestine #PrayForPalestine #IsraeliCrimes #RussiaWar",,
"Alkhidmat Foundation's Woman's Wing bringing hope to the people of  Gaza, one blanket bring children's smile light up their darkest days.

#Palestine #Gaza #PrayForPalestine #Pakistan #Alkhidmat",,
"#ukraine #palestine #PrayForPalestine #IsraeliCrimes #RussiaWar""",,
"Alkhidmat Foundation's Woman's Wing bringing hope to the people of  Gaza, one blanket bring children's smile light up their darkest days.

#Palestine #Gaza #PrayForPalestine #Pakistan #Alkhidmat",,
The  is with Palestine. But some of our pretentious muslim brothers are acting weird #prayforPalestine,,
"The Israeli economy is increasingly declining due to the war. What is the situation like?

#freepalestina #freepalestine #palestina #hamas #israel #prayforpalestine",,
Sending prayers and hope for peace to the people of Gaza and Palestine.  #PrayForGaza #PrayForPalestine,,
Hope the other leaders also wake up. #PrayForPalestine,,
" 
These kids are being forced to grow up every second, they have to sleep with one eye open because tomorrow isn’t promised, this isn’t a burden anyone should face  The individuals that are doing this are they even human?#Palestine #PalestinianLivesMatter #PrayForPalestine",,
" 

The zionists is not only having war with Palestine  but all over the world. Even if they win the war  the world will disown them forever. The world will never forgive and forget  #PrayForPalestine""",,
"#PrayForPalestine 
#FreePalenstine",,
"The Palestine children are sharing their thoughts with the Muslim world sitting in their houses in ruins by jews and trying to wake up Muslims.

#Palestine #Gaza #PrayForPalestine",,
"Pray for palestine

#PrayForPalestine",,
,,
"#Palestine #Gaza #PrayForPalestine""",,
"Pray for palestine

#PrayForPalestine",,
"In this challenging situation, the Alkhidmat Foundation Woman Wing is distributing blankets to the people of Gaza.

#Palestine #Gaza #PrayForPalestine #Pakistan #Alkhidmat",,
#FreePalestine #PrayForGaza #PrayForPalestine #IsraeliNewNazism,,
"In this challenging situation, the Alkhidmat Foundation Woman Wing is distributing blankets to the people of Gaza.

#Palestine #Gaza #PrayForPalestine #Pakistan #Alkhidmat",,
#FreePalestine #PrayForGaza #PrayForPalestine #IsraeliNewNazism,,
It has arrived. While I cannot go out to the streets and raise my voice  I have decided to do whatever I can within my usual capacity  even if it's just a little #FreeGaza #FreePalaestine #PrayForGaza #PrayForPalestine,,
"May Allah protect and save the people of PALESTINE and bring peace and justice to their land.

#PrayForPalestine
#FreePalestine",,
#PrayForPalestine,,
"#FreePalestine""",,
"Jungkook Zionist
fuck jungkook fuck jack harlow fuck jake kodish fuck scooter braun and fuck any and every zionist ignoring the plight of Palestinians 

Boycott #Zionist 
STAND WITH PALESTINE
PRAY FOR PALESTINE
#PrayForPalestine",,
"May Allah protect and save the people of PALESTINE and bring peace and justice to their land.
#PrayForPalestine

#StandForPalestine #StandForJustice #FreePalestine",,
"Jungkook Zionist
fuck jungkook fuck jack harlow fuck jake kodish fuck scooter braun and fuck any and every zionist ignoring the plight of Palestinians 

Boycott #Zionist 
STAND WITH PALESTINE
PRAY FOR PALESTINE
#PrayForPalestine",,
"May Allah protect and save the people of PALESTINE and bring peace and justice to their land.
#PrayForPalestine

#StandForPalestine #StandForJustice #FreePalestine",,
"how many more children have to ?!
**For what sin she was killed** surah Al-Takwir
 #IsraelCommitingGenocide
#IsraelcommitingWarcrimes
#FreePalestine #freegaza #boycottisrael #PrayForGaza #gazaunderattack #savegaza #prayforpalestine #freepalestine #freegaza #savethechildren",,
"No words to explain this! This is heartbreaking! Cannot even say thoughts and prayers are with the  families of those who passed away because those remaining ones will be next in line to get caught to this genocide!  

Israelis are murderers!
This is genocide!

#PrayForPalestine",,
"how many more children have to ?!
**For what sin she was killed** surah Al-Takwir
 #IsraelCommitingGenocide
#IsraelcommitingWarcrimes
#FreePalestine #freegaza #boycottisrael #PrayForGaza #gazaunderattack #savegaza #prayforpalestine #freepalestine #freegaza #savethechildren",,
"No words to explain this! This is heartbreaking! Cannot even say thoughts and prayers are with the  families of those who passed away because those remaining ones will be next in line to get caught to this genocide!  

Israelis are murderers!
This is genocide!

#PrayForPalestine",,
#PrayForPalestine #IsraelLaknatulloh,,
"we are all Palestinians
we are all GAZA",,
we are all Palestinians,,
Fuck Palestine ,,
They are Stand with humanity respect for US ,,
"The average IQ in Gaza is 67.9 and 30% of the marriages are between first cousins. 

Forrest Gump had an IQ of 75, for reference.",,
"This donkey is working more for the oppressed Muslims of #Gaza than the rulers of the Islamic world.
#FreePalestine #OIC #hamas #GazaGeniocide",,
Remove BJP, liberate yourself from the bulls...,
"Texas, US - why not Iran ? why not in Iraq ? why not in any of 22 Arabic countries ??",,
Free free. ,,
Free Palestine  ,,
#FreePalestine,,
"Tidak mustahil orang2 kristian akan membunoh bangsa israel, kerana benci akan kekejaman bangsa ini.",,
"Muslim are born to die 
Am I right",,
those in Spain towards Palestine. and what are they doing?,,
Respect  ,,
#BidenDemocrats,,
ISRAEL ESTADO TERRORISTA,,
The land was Jewish before Muslims conquered it in 611 .... there was no such thing called Palestine.....  The history didn't start in 1947 ....,,
Respect  ,,
#BidenDemocrats,,
ISRAEL ESTADO TERRORISTA,,
"Our answer to October 7th will be conquest, deportation and Jewish settlement",,
This is terrorism ,,
The West Bank has no Hamas BTW!,,
"A country that asserts its power is waging war against women, children and common citizens, the rules of war are being broken every day, and the world is silent even as the world watches, humanity is collapsing in the world. STOP THE GENOCIDE
#FreePalestine #FreeGazaNow",,
"Let’s start a chain of “Allah is Sufficient for us, and He is the Best Disposer of affairs. for Palestine ",,
#FreePalaestine ,,
#FreePalestine ,,
"#WeStandWithPalestine """,,
حسبنا الله ونعم الوكيل..,,
The terrorist occupation forces continue their crimes with impunity because of the support from US and EU.,,
Maybe they are Hamas members,,
"NEW: California governor Gavin Newsom admits the only reason Dem leaders cleaned up San Francisco was because world leaders were coming for APEC.

“Folks say: ‘oh, they're just cleaning up this place because all those fancy leaders are coming into town.’”

“That’s true because…",,
" there is no HAMAS here..""",,
The most justified war,,
More Pallywood?,,
Is this Sanatan darm?,,
Ayesha and prophet ,,
Is it fake or not? That's terrible....,,
" RECAP #Israel #Palestine

1. Israeli Prime Minister Benjamin Netanyahu said that Israel would assume “overall security responsibility” of the Gaza Strip for an indefinite period after its war with Hamas, the most public pushback against US…",,
That looks a lot like Mexico,,
"stop spreading lies 
Mexican police officer in a riot in 2020 in Guadalajara.",,
Abe chutiye solder pe dekh kiska flag hai isi liye bolta hu pahle ja kari lao uske baad bakchodi karo per tum bhosdi wale ko to apne aage kuchh dikhta hu nahi #israelisrealterrist #hamasiasfighter,,
Is this Sanatan darm?,,
Ayesha and prophet ,,
Is it fake or not? That's terrible....,,
" RECAP #Israel #Palestine (as of 07:00 GMT, 7 November)

1. Israeli Prime Minister Benjamin Netanyahu said that Israel would assume “overall security responsibility” of the Gaza Strip for an indefinite period after its war with Hamas, the most public pushback against US…",,
That looks a lot like Mexico,,
"stop spreading lies 
Mexican police officer in a riot in 2020 in Guadalajara.",,
"what proof do you have that this is in the UK, we can clearly see the Mexican flag at the uniform of the policeman. Also, what proof do you have that this was done at a ""Hamas demonstration""",,
That is 4 Jun 2020 in Guadalajara Mexico.,,
no we don't ,,
IDIOTEN,,
Honda sport Goli maar Deni chahie,,
Very good ,,
That’s not a British police officer. ,,
Er.. that's 100% not in Britain.,,
RIP   EUROPE,,
reverse image and video searching is a blessing,,
Satan Voice ,,
That's not the UK lol,,
What hamas related.  The guy were toyota shirt.,,
This is NOT BRITAIN IT WAS MEXICO IN 2020,,
Wtf,,
#ISISISISRAEL,,
this should be america,,
Peaceful religion,,
That’s not BRITAIN !!!,,
That's not British,,
By the way it's not Hamas it's Mexico 2020,,
Lies and defamation. This is in Mexico in 2020.,,
Fake that is not a British police uniform..,,
Deport them.,,
Please also share what's happening in Gaza,,
3 years old video ,,
The peaceful vibes of many Palestinians who support Hamas ,,
Deport them.,,
Please also share what's happening in Gaza,,
3 years old video ,,
The peaceful vibes of many Palestinians who support Hamas ,,
"Don't be like idiots, don't spread fake news. There are enough real videos for that",,
Laying this is old video,,
this is the future of europe. europe will fall into the darkness of islam before 2050,,
Well that's one way to try to get sympathy...,,
Is there a follow up on this guy?,,
Laying this is old video,,
this is the future of europe. europe will fall into the darkness of islam before 2050,,
Well that's one way to try to get sympathy...,,
He lies like a scoundrel.,,
Is there a follow up on this guy?,,
Not the UK,,
Fake video this is not palestine demonstration. You a liar,,
Did they shoot that terrorist?,,
Thats mexican flag,,
Mexican police officer in a riot in 2020 in Guadalajara,,
This is not a British,,
"False, this was a protest in 2020 in Mexico, quit lying, you can see the Mexican flag on his right sleeve",,
Fake news spreader are equal to crime doer,,
Keep spreading propaganda, an old video from Mexico,
in the same time - party  alcohols  hookers and private jet to the Hamas leaders,,
"British police looks different, do t spread fake",,
Nah man i think they look like this,,
"Since that is not a British policeman and that incident did not occur in Britain I can safely say

...This is what Zionist propaganda looks like.",,
I dunno. Mebbe British cops should start carrying guns. Just sayin'.,,
It’s interesting to me that the WHO is not calling for the release of the hostages.,,
"
 - this morning the IDF delivered fuel to Al-Shifa Hospital.

#Hamas stopped them from receiving it.
look into the facts. condemn Hamas.
all the proof is here ",,
"the situation is horrific

here below proof",,
And that is not to mention the bombs hitting #AlShifaHospital (and other facilities) in #Gaza.,,
Let’s be honest for once shall we? The only reason israel is interested in the hospital is because Hamas are there. It’s their base. (War crime btw). So why not call on Hamas to surrender? Surely that will be the quickest way to end this.,,
"WAIT! 

Is this the same Tedros guy who helped China make sure that nobody knew that Covid leaked from Wuhan?

Cool cameo!",,
Get Hamas to distribute its resources. Hamas actually confiscated fuel Israelis gave to Shifa for emergency purposes. You forgot to report that. Why is that???,,
"No one should suffer the consequences of Hamas's inhumanity and brutality.
#StandUp4HumanRights
DO NOT Support #Terror
#FreeGaza From Hamas
#BringBackOurChildren
#Hamas #Terrorism
Who kidnaps kids?
#BringThemHome
#ChildAbduction",,
"The longer the medical chaos at the hospital goes on, the more time Hamas gains from Israel entering and getting to the Hamas HQ under the hospital. 

You know this but instead of calling for the toppling of Hamas, you call for a ceasefire which helps them; Not Gazans.",,
"Soft is stronger than hard
Water stronger than rock, love stronger than violence",,
longer than 3 days,,
"On 18 July 2015 at 12:02 am, after Britain’s most powerful newspaper published online about the video of 4 senior royals publicly supporting Nazi in Buckingham Palace Garden (see evidence attached), communities across Britain and international communities in 195 countries around… twitter.com/TheSun/status/…",,
"On 17 July 2015, after Britain’s most powerful newspaper printed a front page breaking news story about the video of 4 senior royals publicly supporting Nazi in Buckingham Palace Garden (see evidence attached), communities across Britain and international communities in 195… twitter.com/compassion_hea…",,
"lsraeli warplanes launch a series of airstrikes against southern Gaza Strip.
#FreePalestine#GazaGeniocide",,
Thanks for UR persistent advocacy 4 the right thing....,,
what's the status of the NICU babies? Her's Al Jazeera's piece as of yesterday,,
Tedros' rise is amazing--from train conductor to head of WHO..Surely there's a story behind it.,,
"Also, it’s been completely evacuated so the people this is a problem for is #Hamas_is_ISIS , which explains why 
@WHO
 is so worked up about it. #NeverAgainIsNow #IStandWithIsrael",,
"I'm surprised the phone call didn't take as long as the covid one did. Which was more than 6 month ring I'm guessing. 

I was assuming that government officials owned cell phones, This was my floor from the very beginning and why no one wanted to listen when I told them that the…",,
Who’s in control of the hospital?,,
hahah. As if you weren't constantly in contact with Hamas.,,
Thank God for the cell phone,,
"Our troops risked their lives to hand-deliver 300 liters of fuel to the Shifa hospital for urgent medical purposes.

Hamas forbade the hospital from taking it. 

Gaza’s Hamas-run health ministry has been warning for weeks that its hospitals are running out of fuel. If so, why…",,
How many functioning hospitals were there in Khartoum or Mekelle during the wartime period in Sudan and Tigray?,,
Spread the truth,,
Shut up Criminal….you should be in jail!,,
A former Senior Governor of 20 major NHS Hospitals in London (our chairman) and his friends (who are current hospital governors across Britain) wept for hours as they heard the news about 500 humans beings died and thousands were injured when a hospital in Gaza was bombed by the… twitter.com/WHO/status/171…,,
"I pray the UNDP may lead Palestine after the atrocities of war, to lead past the pain of the past and horror of the survived present. 

I did not know what the UNDP was, however for those who don’t know they are quite extraordinary! This is from their website:

“UNDP’s Programme…",,
"See people, you see a post like this and then one like below showing the opposite... Notice the lights on in the Hospital? 

 #IsraelFightsBack",,
"Why don’t you ask Hamas terrorists to release files from their storage? Or why they did not let the Israelis’ fuel to get to the hospital? By the way, the authorities  in Gaza are Hamas members.",,
Did the WHO condemn hamas for preventing the arranged fuel delivery?,,
Crimes against humanity,,
"You mean, End Hamas Now.  Fixed it for you.",,
Not one word about Hamas using this hospital as their HQ for the past 14 years?,,
Horrible. What have you done to release our hostages?,,
"You should blame Hamas for this. They have plenty of fuel, started the war and placed key strategic locations below the hospital.",,
Stop lying Tedros,,
The world cannot stand silent when hospitals are used as human shields for terror command centers.,,
Blame #Hamas,,
Any update on the well-being of the hostages?,,
"“It's been 3 days without electricity, without water”

So they are all dead inside ?",,
"Untill when?.
All sorts of crimes against humanity has been on since 37 days.",,
Talk to Hamas. They can surrender. Quit being a simp for Hamas.,,
"You should blame Hamas for this. They have plenty of fuel, started the war and placed key strategic locations below the hospital.",,
Stop lying Tedros,,
The world cannot stand silent when hospitals are used as human shields for terror command centers.,,
Blame #Hamas,,
Any update on the well-being of the hostages?,,
"“It's been 3 days without electricity, without water”

So they are all dead inside ?",,
"There’s only one question you should be asking about #ShifaHospital and it is this: 

If it’s “only a hospital” why is it so heavily armed that it has taken the IDF days to just advance a few hundred meters towards it? 

That’s it. That’s the only question. 

What’s the answer?",,
"By this picture from today they still have electricity.

So you are lying, Hamas or both.",,
"Question? Israel government are saying that this is being used as a military base and that Hamas are using atypical tactics such as embedding themselves within civilian clothes and locations. 

Iv no idea if this is true of not, but you must understand that after Hamas murdered…",,
Mercy ,,
"Hey ,
Why doesn’t Hamas just surrender their HQs, missile factories, torture chambers…sorry, I mean “the hospitals“ to the Israelis? The Israelis are then responsible for the patients, medical emergency solved!        

It is such a mystery.",,
Hamas has plenty of oil.,,
Easiest way to spot Hamas propaganda? Use your eyes.,,
"Breaking : Japanese gather in support of Israel. That is a nice Jewish song, an Oldie 

 ",,
" If you see this video of this child whose foot was broken in this brutal way by the Zi..onist mafia, then you are not a human being.

 Zio..nism is a criminal gang with media and money in its hands. Wake up, you free people",,
Bombs away!,,
The Israeli government need sanctioned,,
"What about the kidnapped children, women and men held in Gasa? Why don't you call for their release? Pls Use your power to help release them. No caesefire is possible as long as they are there",,
#ReleaseTheHostagesNow,,
#HamasISIS #Hamas_is_ISIS #HamasMassacre #HamasNazis,,
Hostage?,,
Fake,,
CEASE FIRE NOW!,,
#CeasefireNOW,,
Please do something,,
#CeasefireNOW,,
Please do something,,
"In the comments repeatedly pointing to 'Hamas, Hamas, Hamas', a crucial misunderstanding of the core issue is evident. It's clear that the emergence of Hamas isn't the primary problem but rather a result of the prolonged occupation and the resultant suffering of Palestinians",,
"IDF provided fuel - are they using it? 

If not, why not?",,
"Just wait for the Israelis, the pro genocides to say :
WHO is antisemitic 
WHO is Hamas",,
"

Resign. NOW.",,
I'm so sorry ,,
"As an immediate measure, UN should immediately ask all civilians to separate themselves from terrorists. No country tells its enemy for over 10 days that ground assault will start soon. Still, they did not separate themselves from terrorists. Israel gave civilians enough time.",,
We are listening,,
Surrender Hamas.,,
Funny that the only thing no one is calling for is Hamas to surrender. That is the easiest and most justified solution.,,
#HamasSurrenderNow,,
"""the hospital is not functioning as a hospital anymore"" is your funniest take so far. You seem to not be up to date. Try to read up about it. It might inform you about the reason for the ongoing combat in the area.",,
My heart cries so much for these innocent lives that are the victims of this situation. God bless all.,,
What about the hostages? Have you managed to get in touch with them?,,
"
 you said on Twitter this morning you wanted to address this crisis. I hope you’re working today sir.",,
Culprit is HAMAS.,,
my heart hurts for those doctors facing mass losses ,,
"AT THE VERY LEAST THERE SHOULD BE ALL POWER, FUEL AND WATER IN 
AL-SHIFA. ISRAEL IS COMPLICIT IN THIS HORRIBLE  LOSS OF LIFE AND UNBEARABLE TRAIMA.
THEY ARE HITTING AL-SHIFA!!!
STOP ISRAEL.",,
"A critical situation at Al-Shifa Hospital. Three days without electricity, water, and the internet are slowly taking a toll on the ability of doctors to provide basic medical assistance. Gunfire and bombing worsen the situation. The world should not remain silent. Ceasefire NOW!
#FreePalestine",,
"Is there a reason UN is not calling on Hamas to use its stockpiles of fuel, food, water and medicines for the hospitals and for other humanitarian relief?",,
"WHAT CAN WE DO?!!
No one listens to the millions of people who are marching in the streets for a ceasefire. 
We call our representatives + keep telling our government we don't want this done in our name. 
They don't listen. 
@JoeBiden
 @ABlinken
 #CeasefireNOW",,
"no electricity? how come, lights and monitors are still on in those pictures of babies that were taken out of incubators?

maybe you should get some reliable sources.",,
"WHAT CAN WE DO?!!
No one listens to the millions of people who are marching in the streets for a ceasefire. 
We call our representatives + keep telling our government we don't want this done in our name. 
They don't listen. 
@JoeBiden
 @ABlinken
 #CeasefireNOW",,
"WHO IS PERPETRATING THE AIRSTRIKES?

Who has cut off water, food, fuel, and power??",,
Hypocrite !!! ,,
#CeaseFireNow,,
"Meanwhile , here in Australia our government has signed up with America, so we hear little else but“Hamas Terrorists” and Hamas atrocities , totally ignoring the REASON that HAMAS exists , just as Nelson Mandela rose to power after 27 years in gaol for being “a terrorist”.",,
"Do you work for Hamas, sir?",,
"Know one believes the WHO
Anyways they all seem to have working iPhones after 3 days of no power. I need update my phone to that type of battery",,
"Interesting how well ""the hospital"" is holding up the attack, pretty tough guards you got there.",,
Why not airdrop medical aid to Al-Shifa hospital? Jordan did that for its field hospital.,,
"Why is gunfire at the hospital?, that shows truly that Hamas base is there, if not there won't be gunfire at the hospital",,
"They were told to evacuate 3 weeks ago. There has been a corridor open every day for a week.Why arent you getting medical personnel and patients out of a hospital that you know has Hamas under it, around it and integrated into it. Could the medical be part of Hamas?",,
Cease fire ,,
Let's talk about the hospitals in Gaza...,,
Why not airdrop medical aid to Al-Shifa hospital? Jordan did that for its field hospital.,,
"UN is defacto USON (United States & Other Nations).
 Till the US agrees nothing will happen.",,
"Why is gunfire at the hospital?, that shows truly that Hamas base is there, if not there won't be gunfire at the hospital",,
"They were told to evacuate 3 weeks ago. There has been a corridor open every day for a week.Why arent you getting medical personnel and patients out of a hospital that you know has Hamas under it, around it and integrated into it. Could the medical be part of Hamas?",,
Cease fire ,,
Let's talk about the hospitals in Gaza...,,
Thank you brothers. It takes a lot of courage these days to protest against genocide. Stay safe.,,
Ireland ,,
This is the real Jewish nation.  These are the people who really care.,,
Much love and respect to our Jewish brothers and sisters standing against the oppression and the genocide of Palestinians. ,,
These children walking down the street to protest has a deeper meaning: the parents don’t want their children to learn the language of hate. They want their children to live each other and stand by each other. So deep and profound culture of  mutual love and respect.,,
Massive respect to them all ,,
Freaking Awesome!,,
We should support palastine. ,,
From river to sea Palestine will be free,,
"Photo/video from the London pro-Palestine march 11/11/23

Orthodox Jews in attendance once again for another #FreePalestine rally",,
"Excellent Speech!
He Nailed #Israeli  Propaganda Within Four Minutes. Let's Make This Video Go Viral Please...
I Will Be Posting It On My account Everyday!

WE STAND WITH PALESTINE!
WE STAND WITH HUMANITY!",,
"These people didn’t need to steal someone else’s land. They chose to live here in America the land of freedom. They are very happy here and they make America a better place with their rich, loving culture. We are lucky to have them.",,
free Palestine ,,
pray for gaza,,
"Excellent Speech!
He Nailed #Israeli  Propaganda Within Four Minutes. Let's Make This Video Go Viral Please...
I Will Be Posting It On My account Everyday!

WE STAND WITH PALESTINE!
WE STAND WITH HUMANITY!",,
"These people didn’t need to steal someone else’s land. They chose to live here in America the land of freedom. They are very happy here and they make America a better place with their rich, loving culture. We are lucky to have them.",,
free Palestine ,,
pray for gaza,,
"Those who disguised themselves as anti-Semites will dress up as Santa Clauses and elves in December, for the same price",,
"There is an account on here called @TorahJudaism.

It is clear that they are not Jewish, they are antisemitic and continually misrepresent our community and Judaism.

They use translated versions of Turkish wikipedia in tweets to explain Judaism.

As we called out their BS, they… twitter.com/shevereshtus/s…",,
"
 better get these people deported!",,
How did they get so many Arabs to dress up as Jews?,,
Huge respect for these people.,,
"This is what love is.

Thank you",,
Men of integrity.,,
Nothing but respect for these Jewish brothers and sisters.,,
Bless them ,,
"Human is human 
Doesn’t matters race colour religion or nationality 
I’m glad to see those humans standing with Palestine 
We have a war which’s started long time ago 
And it’s between human and human who believe they are above human",,
"Bless all the millions of protestors against #Zionist #genocide, especially our #Jewish allies.  So brave and so critical, to show that #Zionism is NOT #Judaism.",,
"I don't want to talk or stay silent, I just want to cry,",,
"Bless all the millions of protestors against #Zionist #genocide, especially our #Jewish allies.  So brave and so critical, to show that #Zionism is NOT #Judaism.",,
"I don't want to talk or stay silent, I just want to cry,",,
"Much respect to the real Jewish people who stand by humanity & despite the fact Zionist Benjamin Netanyahu regime blew up their Jewish Orthodox church & killed many innocent Jewish Orthodox Jewish & Christians, they fighting for  peace & humanity & protesting against genocide ",,
If only the whole world was so decent.,,
"Beautiful people

God bless you all",,
Real jews  Zionists are not jews,,
Salute & Respect,,
Thank you ,,
"These people know, love and follow the Torah and it’s a beautiful thing to see. How long will it be before they are labelled antisemitic?",,
"Merci, merci, merci : force et honneur à vous ",,
Beautiful ,,
"Thank you for this. You are an inspiration.
Hopefully our elected leaders, who are supposed to represent us, will listen to reason and force a ceasefire.",,
Beautiful humanity  ,,
These are Good Jews & should not be demonised by the current Israel Government who are nothing but disgusting who are devaluing the cruelty of the holocaust,,
Alhamdulillah…Thank you brothers & sisters. May Allah Bless all of you. Amen…,,
Well said there is hope,,
I appreciate my Jewish brothers standing up for what's right ,,
"By God Almighty, there are Jews who have mercy and do not accept injustice, even if the oppressor is their brother. A scene that brought tears to my eyes when I saw the scene.",,
Good to see Jews saying “not in my name”,,
Well done those people who understand shalom/salaam,,
"This is impressive, very brave indeed ",,
Hats off to them! it takes guts and conviction to do that,,
"I love u all for holding to ur true religion  The Messenger of Allah(s.a.w) said:
""There shall come upon the people a time in which the one who is patient upon his religion will be like the one holding onto a burning ember.""
All we can do now is pray & trust God' justice ",,
Bless you all for your bravery and humanity ,,
"These Jews are our friends
They are not Zionist
They're not terrorist
They are right",,
Thank you to all,,
Humanity on display - More power to the 'peacemakers'.. ,,
Beautiful Jews ,,
"I have no words to explain myself but very thankful for standing and approaching to worlds so called leaders 
Once again thank you very much. ",,
wonderful,,
Love these people,,
My love and support to you all. ,,
Thank you!,,
It seems the teal jews are also the victim of isra*l,,
Much respect ,,
Un grand chapeau bas et tout mon respect ils n'arriveront pas a nous diviser milles mercis ,,
Looks like they are walking not marching. I am all for a peaceful resolution.,,
"Antizionism is not antisémitisme 

",,
"Some Jews themselves are supporting the Muslims in Gaza, but the blind followers still feel no shame in making Israel their illegitimate father",,
Congratulations to them. Coexistence is still better..,,
"Looks like they are walking not marching. I am all for a peaceful resolution.,,,,,,,,,,,,,,",,
It seems the teal jews are also the victim of isra*,,
Much respect ,,
A big tip of the hat and all my respect. They will not manage to divide us. A thousand thanks,,
stay blessed,,
There still some hope,,
"This is for your silence and complicty 

God bless them
",,
"That�s what being human stands for...""",,
Those folks were very brave.,,
"When I need faith & peace in my...
When I need to seek to help rather than raise arms in aggression...
These peaceful warriors show the way.
Dont let up. We need u now more than ever.

Don't get fooled by this hoodlums,,,,,,,,,,,,,,
#VoteZionistsOut,,,,,,,,,,,,,,
“Knowing is easy. Understanding is hard. There's a huge difference between knowing and understanding.” - ",,
"Thread of threads.""",,
peace!,,
Those folks were very brave.,,
"When I need faith & peace in my...
When I need to seek to help rather than raise arms in aggression...
These peaceful warriors show the way.
Dont let up. We need u now more than ever.

#VoteZionistsOut,,,,,,,,,,,,,,
“Knowing is easy. Understanding is hard. There's a huge difference between knowing and understanding.” - ",,
That is brave.,,
May God bless you all,,
Herois,,
Heroic,,
"‘These commandments that I give you today are to be on your hearts. Impress them on your children. Talk about them when you sit at home and when you walk along the road, when you lie down and when you get up’ - Deuteronomy 6:6-7",,
Humanity  wins,,
Clear fact: Zionists are enemies. Jews and Christians aren't.,,
"Front row are obviously well placed informed, having spent many years analysing all available evidence.",,
Humanity  wins,,
Clear fact: Zionists are enemies. Jews and Christians aren't.,,
"Front row are obviously well placed informed, having spent many years analysing all available evidence.",,
SELF HATING JEWS,,
Love it ,,
Thank you Allah knows you are on the right side MashaaAllah,,
So brave.,,
 #ceasefirenow,,
peace,,
"
 that is hope",,
 Thank you.,,
"Humanity at its best , there is a hope ",,
These are the real Jews and real followers of Tohrat....,,
We must prosecute,,
"Bravo, you must be praised. You are right; all people, all faiths can live together. Politicians divide.",,
Such courage!! Thank you for standing up for humanity ,,
Respect to your humanity,,
"May God Almighty bless you for making all right-minded, justice-oriented people proud!!",,
"Humanity at its best , there is a hope ",,
"
Whether yes or no, are you in favor of this demonstration?",,
These are the real Jews and real followers of Tohrat....,,
Something beautiful! ,,
Respect to your humanity,,
thank you so much,,
"good people, I'm glad they exist",,
There are good hearts and things in the world too,,
Love u all ,,
Same coin...,,
this is beautifull,,
Wonderful ! Ceasefire now !,,
"We love you for your selflessness, adherence to your own beliefs, and dignity.",,
It’s really hard to pick the anti-Semites in this crowd.,,
WIND OF CHANGE,,
Albert Einstein would be so proud of them.,,
I love you my brothers and sisters.,,
this is beautifull,,
Wonderful ! Ceasefire now !,,
"We love you for your selflessness, adherence to your own beliefs, and dignity.",,
It’s really hard to pick the anti-Semites in this crowd.,,
WIND OF CHANGE,,
Albert Einstein would be so proud of them.,,
I love you my brothers and sisters.,,
"The Zionists must be kicked out of Israel!!
Israeli Zionists are Ashkenazi Jews, i.e. the Kazarian Mafia, and are not Jews.
They are a group of Satan.
They are a fraudulent criminal group!!",,
"... ALL civilized people support Palestine.

#FromTheRiverToTheSea",,
"They don’t seem scared and intimidated 
@Baddiel",,
"Are they also Hamas?
,
Does that mean they are antisemites?,,,,,,,,,,,,,,
Awesome. ,,,,,,,,,,,,,,
Great job",,
"They don’t seem scared and intimidated 
@Baddiel",,
That's something!,,
"Awesome.  brothers! Wish I was there yl give those cute kids some treats.""",,
"Great job, brothers! Wish I was there yl give those cute kids some treats.",,
Let us all stand together  and PRAY for them ,,
I wonder if John Arnold made a stop in the nations capital to bring some cameras into town..,,
We love you all,,
Well done. The people are for Palestine and against the genocidal Zionist regime,,
True heroes.,,
If they can March. So can we all.,,
but why are they in the US?,,
Thank you. From a Muslim. Thank you a thousand times.,,
Decent human beings !!!,,
Thank you for your support to the people of Palestine. This is not a matter of religion or race. This is a matter of humanity.,,
What a problem for the US... The Jews and the Jews but Zionists... I wonder if they'd let them walk in FLA... they don't allow ANY manifestation against... Jews! No antisemitism!! Except that the Palestinians are Semites... Freedom of Expression!!! hahahaha,,
Van még  több  csoport?!,,
"Thank very much for exposing the #Zionism and the #Zionists 
Because of your efforts the world  got educated about the evilness of Zionism. 
#ZionismIsNotJudaism",,
"Wow look at all those antisemitic ppl? 

I mean wait... whats the token excuse now for the Zionists when they see this? ",,
I love you all. THANK YOU,,
"Nethanyahu, they all are knows your ugly face 
Shame you killer of innocent Muslims children",,
"
 I do have a genuine question tho about this, I have seen many Israelis calling these rallies as anti Semitic. I mean like if it is, why do the Jewish communities also join in? 

Are you going to call them Kapo? Some of them are Orthodox Jews tho.",,
"
 why is your media not showing this? Have you wondered?",,
"Beautiful gesture! 

When genuine affection can finally win,why kill it with the infection of war?

Israel Govt : You may WIN this war, but you have lost the world..At least listen to the “voice of sanity” from your own people!  

Hostages shall return. But the dead left forever.",,
You show your children only when you know firmly you're in the good side,,
"Zionism is not Judaism
Hindutva is not Hinduism",,
Thank you ,,
"You really have my utmost respect, all the best to you all.",,
"It's acceptable to be anti-Zionist cos they have shown themselves Nazis, it's also acceptable to protest the murderous Isreali government but anything else....",,
Do your best,,
Once again for the back: Israel is not Jews.,,
 kind Jewish people of America。,,
"#CeasefireNOW #RemoveNetanyahu #TwoStateSolution Don't make the same mistakes as Cyprus, which remains divided for so many decades. Learn from history.",,
We stand with Palestine.,,
"Anthem for Palestine

#Al-Hilal_Ahly #Gaza_Now
#Gazabombing #starlinkforgaza 
#Save_Palestine
Pary for #Gaza
That’s from Ukraine and that’s a Russian tank
Since when is Israel fighting in Ukraine with russian tanks? I am confused.
For the sake of world peace",,
"We have to raise our voices for world peace. Raise your voice for a ceasefire between Palestine and Israel. Free Palestine""",,
Boycott israel,,
"yes but its not a 'state' as it has no fixed borders
@IDF
 blew up a mosque
wonder if it had people inside?",,
Goes without saying.,,
If there is hell on the earth that is lives of Children in Gaza .,,
Good job By HAMAS,,
That is video from Ukraine! Nice try!,,
Don’t spread propaganda,,
Mashallah.. Mashallah.. Praise be to God,,
Allahoakber,,
Say God  willing,,
Have some patience and the smoke is still to come.,,
Allah Huakbar,,
Lmao no ,,
Allah is the greatest,,
Typical madrshachap comment,,
Standing for israel,,
Islam is a terrorist religion,,
Typical madrshachap comment,,
Standing for israel,,
"Israel fearlessly fighting for the homeland of judaism people
aggression must not be tolerated
Israel",,
Islam is a terrorist religion,,
Hey this in not in Gaza .,,
Lies and propaganda,,
The fascists have got a strong hold on Israel's politics and direction. Like a cult.,,
"Never again 
#CeasefireInGazaNOW #Abu Obeida #Gaza #GazaCeasefire #Gaza_Geniocide #GazaWar #Gaza_under_attack #GazaHolocaust #GenocideinGaza #GenocideJoe #Palestine",,
"Dear Muslims,

I said ”The world is scared of us” and many of you called for my death. 

I said ”The world is laughing at us” and many of you said I was going to ”burn in an eternal Hell” and that I am ”a CIA agent”. 

I said ”The world is worried about us” and many of you said…",,
Israel's crimes are exposed. They are clearly by far the most hated country in the world for such barbaric behaviour.,,
Because they are coward and hypocrite nation.,,
"So let's recap the Ceasefire today
1. Israel Shot at crowds around Al Rantisi Hospital injuring 1 man at least
2. Israel shot into a crowd of people trying to reconnect with their families in the North injuring 7 and Killing 2
3. Israel flew drones over Rafah Crossing (1/2)",,
even sky is struggling to suppress the reality.,,
Has the ceasefire been broken already,,
"Better to die fighting for freedom then be a prisoner all the days of your life.
Bob Marley",,
Haaretz has said that racism is a big problem in that place and the regime has incited the far right to the point that they feel they’re untouchable,,
"Why is Sky News not showing the images? But they could show the fake command center. Do the images have to be approved by someone? The painful thing about this when the hosts interview an Israeli on this glaring evidence, they will allow them conveniently twist the narrative",,
"Freedom lies in being bold.
Robert Frost",,
They are liars,,
Israel's crimes are exposed. They are clearly by far the most hated country in the world for such barbaric behaviour.,,
And Sunak and starmer are backing genocide this is not what the British people stand for,,
So we trust sky news now? Really Glenn?,,
"The ceasefire has allowed the light of truth to shine into the horror of this Genocide, carried out under cover of darkness - both in terms of no electricity & of night-time bombing.
Now, they're providing the evidence of the ethnic cleansing they are committing.",,
War criminals.,,
Any proof of that. Looks more like Hamas is shooting.,,
"Israeli terrorist,  75 years of occupation.

Coward Israeli terrorist & children murderers 

God is sufficient for us, and He is the best disposer of affairs.
Allah is all-sufficient for us and the best one to trust in.",,
"""Israëlische sluipschutters openden het vuur en schoten op de menigte, die gevuld was met mannen, maar ook vrouwen en kinderen, gezinnen""  Alex Crawford over Israëlische soldaten die Palestijnen neerschoten die op weg waren naar het noorden van Gaza om familieleden te zoeken",,
"Notice a shift in rhetoric with MSM like Sky news and the BBC.

Even they have reached a breaking point. And that is saying something.

They would never report such events. It is clear that Zionist propaganda machine is slowly dissembling.",,
How many civilians did IOF kill on oct 7th? 100% confirmed apache helicopter + tanks fired on civilians-investigation stalled until after war? @intifada reports using israeli intel —> http://tinyurl.com/israelmassacre ,,
And the world is watching,,
"""But.....but......Hamas etc etc""",,
So it has only taken 48 days for Sky to finally start to wake up. Slowly but surely...,,
I am revolted by The Zionists and their apologists.  People who support zionism disgust me.  I will not vote for anyone who supports Israel.,,
"Was waiting for confirmation for this story because it seems so nonsensical, why do this? Horrid and if you believe in justice, there has to be accountability for this. Snipers shooting into crowds is just criminal.",,
Jesus Christ of almighty.,,
War crime continues during ceasefire,,
War creminlas do what they do always,,
There’s no crime that is too much for them to commit,,
One word …… Barbaric!,,
Funny how they forgot to mention this on the other channels.,,
"Israel's actions have been brought to light, and they are widely criticized as some of the most disliked due to perceived barbaric behavior.",,
Absolutely disgusting .,,
This is what Israel has been doing for years.,,
#CeasefireNOW,,
No words describe this horrific all too familiar war crime behaviour by Israeli soldiers .,,
They are the lowest of the low.,,
""" which was filled with men, but also women & children, families "" Even when reporting the truth … it is very telling.",,
That's the most moral military in the world!!!,,
"For the Israelis, a ceasefire means Hamas has to stop, not them.",,
This is what israhell occupation was doing for years,,
They always break promises and break covenants,,
During the ceasefire? That is bad.,,
"Where’s mr 
@piersmorgan",,
Isn’t there a ceasefire?,,
Psychopaths,,
Snipers? They were spraying lead everywhere!,,
War Crimes,,
Shocking,,
Heartbreaking,,
Ceasefire.,,
Ceasefire?,,
Zionis Israel laknatullah,,
They are shameless,,
"Absolute scum, zionist bast**ds",,
So they’re breaking the ceasefire day 1,,
"because of 
@netanyahu
 @IsraeliPM
 was so pathethic",,
Cowards !!!! And criminals,,
They very clearly told people not to go back North,,
Israel soldier cannot fight like real man,,
Will the USA or UK condemn Israel for such terrorist practice ???,,
#isarelisaterrorist #IsraeliNewNazism #Netanyahou_A_criminal_of_war,,
Oh God,,
"Seems heartless, of course people are missing under the rubble, and the biggest thing is grief.. not knowing if someone is dead or alive the hope they survive and the need inside to affirm just what happened.. there should be no shooting at all.. it is a ceasefire.",,
"It ain't the snipers fault, they are just looking for a promotion.",,
Is this not what they have been doing for 75 years?,,
Western propaganda media seems to have enough of Arpatheid Israel lies.,,
“The most moral army in the world”. Apparently.,,
#Israel_Is_Child_Killer_Demons,,
"Israel can have foot soldiers inform Palestinians not to advance to the north, and having snipers fire above is dangerous, to say the least during a ceasefire period. Israel, please use common, human sense.",,
Sky News is fake news,,
Her plastic surgeon needs to be fired!,,
Because North Gaza is being ethnically cleansed,,
ISREAL SNIPERS FIRED INTO CROWDS OF MEN WOMEN AND CHILDREN INJUREING AND KILLING TWO THIS HAPPENED TODAY THIS IS BEYOND DISGUSTING,,
"Looking for your family members and going back to the houses IDF demolished is a serious threat to Israeli safety, right 
@JoeBiden
  and 
@JustinTrudeau
...it's all self-defense. Shame!",,
"I have never from day one believed Israel not to violate the ceasefire deal. They have never been honest and they will never be. Hypocrisy, lies and false propaganda is what they are good at. Why shooting at innocent women, children, old and men for returning back to the land...?",,
"She acknowledged Palestinian children 
P45 in the post",,
#evil,,
.Wars and truces have their moral rules. Israel was established by gangs gathered from all countries of the world. Do not be rooted,,
Firing on noncombatants in other words. These are war crimes. The holocaust was horrible. But why are you as a people taking it out on the the people (muslims) that have historically protected the chosen people.,,
People are trying to get back to collect animals and belongs :(,,
End the Gazacaust now!,,
How is this news this is what the Israeli Genocidal Force do on a daily basis. The IGF have murdered over 14000 civilians since the start of their Genocidal assault on the Palestinian people. #EndIsraeliGenocide,,
Israel #NAZI,,
"How is this even remotely acceptable, legal permissable....where is the UN? Where is sanity.
The Isreali Government is vile, loathsome and one can only wonder why it has US, UK and EU support.",,
"Based on all statements and actions of Israel and its Western backers, they are trying to ethnically cleanse northern Gaza and annex it.

Some of us already said this, but people are not paying enough attention. And no politician is doing anything concrete to stop that.",,
A savage and brutal people. Their true nature has been unveiled.,,
Twitter really didn't want to load this video.,,
"I wonder how many of those planning to march on Sunday think this is Israel ""defending itself""?",,
Isn’t that terrorism,,
"Isreali hostages.
Palestine prisoners.

We're on to you msm.",,
What's been happening lately -,,
And they were told not too ,,
Imagine what will happen after the 4 days,,
if true this is really abominable. Disgusting.,,
Camera captures?,,
I think they said it was closed and to move to the South.,,
Hamas snipers!,,
Don’t believe anything sky or bbc says anymore sorry,,
But won't show the footage. What a surprise.,,
"Irgun!
Hagana 
CDN.",,
Shame on the bringthemhomenow,,
Bangsa monyet  ini mreka tak akan pernah tetapi janji,,
So where's the video?,,
VoTE blue nO maTTEr wHat!,,
Wasn't it part of the agreement not to return to the North because its still a war zone ? Ceasefire 7am hamas fire rockets at Israel 7.15am ,,
Israel breaks the cease fire,,
Not true.,,
"It’s an unpalatable truth , but if a country is attacked it will fight back , if October 7th had not happened we would not be where we are today ,",,
the terms of the truce allowed movement from “north to south.” we’ve known this for days.,,
"When an army tells you not to go somewhere, you should listen.",,
Over under for time to reaction?  2 days,,
Not true,,
They deserve it ,,
Source of news: hamas,,
"""But in the bloody arithmetic of Hamas’s leaders, the carnage is not the regrettable outcome of a big miscalculation. Quite the opposite, they say: It is the necessary cost of a great accomplishment>>",,
Release the hostages. That simple.,,
Outrageous lies. What proof has she that Israeli snipers were responsible as opposed to the far more likely Hamas/Isis snipers?,,
"Reconnect with their Hamas family?
Every sane person would stay away from the war zone. Only Hamas fighters are eager to going back",,
Israel way to do business,,
They can’t go back to the north according to the ceasefire agreement,,
"Fact check:

There is no evidence to support this claim.",,
Why do people dondumb things and blame israel? They were warned north Gaza is a war zone,,
I don’t think the war was declared over. What did they think would happen?,,
Could be Hamas soldiers getting back into position.,,
If only SkyNews could be trusted for something…,,
"These are murders. And murders by military men of civilians during a war, this is a war crime.",,
That’s Hamas’ M.O. Not the IDF!,,
"ABC of Israel DNA, killing civilians, children and women. What is new in what happened?",,
They need to release the video if it's true.,,
This is 100% true,,
I guess all the fliers passed out telling people that returning is dangerous and forbidden were true.,,
Tell me again how it is Hamas that Can't be trusted to keep a Cease fire???,,
The enemy is Islam.,,
History repeats itself.,,
Sky liars,,
"Much as every decent person hates war, I'd wouldn't mind seeing  Israel Defense Force having to confront a real army, whether the Syrian Arabs, the Russians or the Ukrainians . They're cowards",,
Israel snipers = later blame hamas... What a tactics... Uncivilzed zionist,,
"When asked why the Israeli forces were shooting dead protesters at the Gaza crossings,
Michal Maayan — ""Well, we can't put all these people in jail.""",,
"They were told not to return, warned over and over again. Sent fliers not to return. But still they tried. Shots fired in air did not deter them so they were shot in the legs. A couple died. It is a war. If told not to return - don’t!",,
"All the while, the Hamas government of Palestine praise them for being killed.",,
"Dafna Elyakim is pas 14 en wordt samen met haar zusje Ella door Hamas gevangen gehouden. Haar vader werd vermoord, en zij was erbij toen het gebeurde.
De zoon van de partner van haar vader werd onder schot gedwongen om nog meer kinderen uit hun huizen te lokken, zodat Hamas ze…",,
Idf is a terrorist organisation,,
"The plight of the Palistinians is not just like aparthied or holocause/genocide. It is like slavery.

The Israelis occupy and settled on enslaved Palistinian land, which they profit and benefit. When they dismantle it, they will compensate the settlement land owners/thiefs",,
"This video is from the video to your toe. After a second of this, there is more room for use in the wortels, so there is a large open source in the moedized environment, and it is better to use it on the profit (you can also find it with them).",,
Imagine losing your kid.,,
Nobody could see the sniper but our “independent” journalist,,
You mean they killed without raping first?  Perish the thought!,,
They were told not to go back north. FAFO!,,
"Officers should, as per S60AA have told him to remove his face covering prior to offering him words of advice. 
@metpoliceuk",,
"Mollycoddled by police, no wonder they keep doing it",,
Why allow the face covering and the pandering of please come down,,
Expel these extremists from the UK immediately,,
Awww tea for 2,,
"HISTORY: ILLEGAL JEWISH IMMIGRANTS ENTER PALESTINE

The ship ""Henrietta Szold,"" carrying more than 500 Jewish ""illegal"" immigrants from Greece to Palestine, arrived in Haifa on August 14, 1946. British authorities immediately interned…",,
"How many young Muslim men would it take to march on London, not to protest or climb statues, but to storm our Parliament & seats of government? The police would be too weak to stop them so the Army would have to be called in. And would we have enough soldiers and tanks to do so?",,
Don't ask. Rag him off.,,
I thought I saw the met police saying they would remove face coverings earlier,,
No arrest ,,
What about his face covering? I thought they weren't going to be allowed.,,
I thought face coverings are not allowed ,,
"Please come down Sir...

Pathetic.",,
"""Two Tier"" policing at its finest. When will 
@metpoliceuk
 get their act together ?",,
"Instant arrest for climbing statues and wearing face covering 
@metpoliceuk",,
Medieval people in 2023 London,,
Please come down sir!!!  Words fail me,,
Absolutely disgusting vile ppl ,,
"Get him a cup of tea, it wasn’t on the leaflet!",,
Deport this disgrace.,,
how sweet our police to muslims,,
Remove that face covering,,
Why has he got his face covered?,,
"What happened to zero tolerance on face coverings 
@metpoliceuk
 ?",,
Too many words. The police officer should have arrested him,,
"Why is his face covered? 
Why isn't he being told to uncover?",,
I imagine the policeman is giving him the recruitment pitch on how important it is that they employ people like him.,,
When you're marching in the day but got to be back to dry nans dishes at tea time,,
The police officer was being way too polite here,,
I thought no one was allowed to have their face covered ,,
While the police say please come down sir ,,
"No respect, no integration",,
You need to come down Sir. No mention of face covering under Sec.60 #MetPolice,,
Look at the cowards with their faces covered.,,
Can’t be surprised at this point,,
"Boris told them that they needed to order water cannons to deal with any disruptions in the capital but they wouldn’t listen would they. Then along comes Khan who drags the country’s Capital City down into the gutter.
KHAN OUT.",,
"Brazen challenge to police authority which is now non existent well done 
@metpoliceuk",,
Should have been arrested and deported,,
Pull them off ffs !,,
"Police: excuse me sir. I’d be awfully grateful if you wouldn’t do that. Sorry for interfering with your plans & any inconvenience cause. Let’s go & have a cuppa, chaps. . No. Get off that monument now! Or your nicked!",,
and take it's bloody disguise off!,,
"Masked, tea towel ws",,
"Usual face covered, as theyre so proud of their cause naturally...",,
No batons predictably.,,
Why in earth are they allowed to walk with their faces covered?????,,
"FFS ""Please come down sir""",,
Still allowed to cover their faces!,,
"If that was a white guy they would not ask, they would drag him down and beat him. Two tier policing again.",,
Pull him down! ,,
They should have taken his tea towel off his face then locked him up. That’s what real police would have done.,,
Police allow him to continue to conceal his identity even after committing a crime (for which we was not arrested of course).,,
Get off the art you disgusting people show some respect,,
"You need to come down sir if that ok with you, it's fine if not. Sorry, Carry on.",,
Get your baton out then,,
"Proud to be a PrimeXBT partner, an industry-leading exchange with low fees, a user-friendly interface, and outstanding support. 

…

Use promo code ""DPA"" to receive up to $7,000 on your deposit. 

If you've found my content helpful over the years,…",,
Not worth mentioning his jihad face covering then?,,
Why wasn't he told to remove his face covering ?,,
"Just look how these pathetic copper doesn’t tell him to take of his head covering to hide his ID 
Pathetic",,
"You're not a cancer cell. They're the cancer. All the deceived people who fell for propaganda are the damaged cells. And you are the cure!

Keep up the excellent work! ",,
"I know, but in this bizzaro world, I am.",,
"This Rabbi stresses the importance of keeping Christians and Muslims fighting. They LITERALLY bank on it. 
#ApartheidIsrael",,
"Well they didn't succeed in their propaganda anyway, it was massive L for 
@elonmusk
 as he will be remembered as a genocide enabler in history books",,
"They're losing PR despite spending hundreds of million dollars per week, do they had to pull this stunt off ",,
"Great video - Netanyahu voice was on point 

It’s clear Elon has his role to play 

They wouldn’t have allowed just anyone to buy Twitter.",,
At least he won't get JFK'd now and the platform stays up,,
"The thing is other than all what 
@Lucas_Gage_
 said is right he nailed the Bibi voice and accent",,
Jewish newspapers debunked #IsraelisGenocidalState claims.,,
"The USA gets Israeled.
#DefundIsrael",,
"The United Slaves Of America -
American slaves in #IsraelApartheidstate on illegally occupied #Westbank",,
"Elon wants to invest in Greater Israel expansion. New beach front real estate now available in Gaza, that'll be profitable for him. There's no point in gettin' pissed off, Musk is just another billionaire who has his own interests and ambitions.",,
"“I would not have …. all the jews. I would leave some alive to show the world why I ….. them”

AH",,
"Arab Christians speak out, how American Christians are paying for #Zionists to MURDER them. (US churches invest in weapons stocks). 
#ApartheidIsrael should not receive 1 USD. Abolish #AIPAC & Citizens United. 
#PalestineHolocaust both Muslims and Christians believe in 'Jesus'.…",,
"The shells were still on the bullets, unfired bullets. 
Musk doesn't want to end up like Andrew Tate.
Watch how quick they'd accuse him of rape.",,
Preach brother,,
"Hey Lucas 
Did you see this movie yet?  It’s a 
Good one …..pretty intense!",,
"9 minute video showing how #AIPAC blackmails the US congress.
Epstein = Mossad agent, he said that in his book. It's called Friends Of Israel pac in the UK.
I wouldn't be surprised if he's still alive.
The ONLY issue #DNC and #GOP agree on is #IsraelApartheidstate . They agree on…",,
"As a holocaust survivor, I found this post to be deeply antisemitic.",,
"Lots of talk about what didn't happen on October 7th. 
Let's talk about what DID happen
THIS IS WHAT THEY DON'T WANT YOU TO KNOW",,
World War 3 has already begun. Find out what role the United States plays in this free book & audio book.,,
"“No matter what they (the zionists) do, the world knows.” May you and your family stay safe Lucas. Continue to spread the truth far and wide ",,
"2. + (cont)...put a baby carrier on The Satanic Elon MuskRat & showed him an crib, just to reminded him there's two sides to his story about crib death. lonE skuM Ben Compromised #zionistcenshorship #Elonmusk",,
"May Allah Bless you with safety, Health and Guidance.
Hope to see you as a muslim brother.
Will pray for you.",,
Thank you,,
"This is manhood, to find a goal and fight for it. This is how the ancestors of some of us used to travel in order to fight in noble battles to expel the colonialists. I salute your courage.",,
"Bibi is probably gonna invite Beyonce next, just to convince the world he's doing the right thing ",,
"Daaamn man, you really sound like bib when you mimic his voice, lol",,
He went to Israel for re-education.,,
"And yes, #TheBoyAndTheHeron, Miyazaki's new film, is inspired by a cult book in Japan.

To better understand the latest creation from Studio Ghibli, we invite you to read i
",,
"nice rant

true",,
I'll get circumcised again! ,,
That impression of Elon was clutch,,
god bless you brother,,
Hear hear ,,
Well said !!! Respect,,
Thank you!!!!!,,
"BREAKING:

Euro-Med Monitor says Israel is harvesting organs from hundreds of dead Palestinians they hold  twitter.com/the_newarab/st…",,
Absolutely spot on dude.,,
"Golda Meir, ""We can forgive the Arabs for killing our children. We cannot forgive them for forcing us to kill their children. We will only have peace with the Arabs when they love their children more, than they hate the Jews."" This is still true today in 2023",,
Inspiring.,,
I'm embarrassed at how bad I did ,,
My reaction,,
The Netanyahu voice impression is on point LOL,,
Bro you are A GOD's WORRIOR .,,
I think Zionist have videos of Elon masturbating.,,
"The occupation forces force the young man Osama al-Rajabi to demolish his own house in Beit Hanina, Jerusalem, under the threat of severe penalties and hefty fines. #News",,
"I have never seen such a brave man like you in my entire life Lucas, respect",,
Look into Larry Sommers of open AI.,,
"Supporting the right thing without being attached to any movement is the best thing you can do for the world.

Too many are caught up in the tribal team picking aspect like this is a football match...",,
"@ezdubs_bot
  arabic to French please",,
FREE PALESTINE ,,
"@POTUS
 
Genocide Joe was here...",,
FREE PALESTINE ,,
"@POTUS
 
Genocide Joe was here...",,
The Zionists bless you... O representatives of the Islamic world, we from Indonesia always support you,
"A beautiful way to say goodbye to our favorite anime...

The latest opening of #AttackOnTitan is a true masterpiece to listen to until the end of time.

And we explain why.
",,
Msikinna....heartbreaking,,
Brother are you from Gaza we truly adore you we love you so much but we can't do anything we are just bycotting and doing social media awareness in people to stand for you our goverment officials are doing nothing for you i don't have words for you even i want to welcome you all,,
Listen to this,,
Free the hostages,,
"She's saying "" Death to Israel""",,
Stop the genocide in Gaza! Stop the Israeli barbarism!,,
Brother are you from Gaza we truly adore you we love you so much but we can't do anything we are just bycotting and doing social media awareness in people to stand for you our goverment officials are doing nothing for you i don't have words for you even i want to welcome you all,,
Listen to this,,
Free the hostages,,
"She's saying "" Death to Israel""",,
Stop the genocide in Gaza! Stop the Israeli barbarism!,,
