Comments,Unnamed: 1,Unnamed: 2,neg,neu,pos,comp
These people are true fascists. We need to dismantle this apartheid atrocity.,,,0.123,0.685,0.192,0.25
"They are not soldiers, they are EXTREMIST and EVILDOERS ",,,0.341,0.659,0.0,-0.6289
"All dogs have their eyes on the $500 billion worth of gas, and everyone is eager for their share.",,,0.0,0.708,0.292,0.6808
Pray for palestine ,,,0.0,0.465,0.535,0.3182
Pray for palestine ,,,0.0,0.465,0.535,0.3182
Palestine must be freed,,,0.0,0.526,0.474,0.4019
Bullshit. Completely fake.,,,0.878,0.122,0.0,-0.8016
"Not Israeli soldiers, not wearing standard or specialized issued IDF boots, Guess you forgot that little detail while producing the video.",,,0.0,1.0,0.0,0.0
Busted!! #Pallywood Take number #47373  IDF soldiers with sport shoes and AliExpress vest ,,,0.0,0.864,0.136,0.2225
Free Palestine,,,0.0,0.233,0.767,0.5106
"A country that asserts its power is waging war against women, children and common citizens, the rules of war are being broken every day, and the world is silent even as the world watches, humanity is collapsing in the world. STOP THE GENOCIDE
#FreePalestine #FreeGazaNow",,,0.291,0.709,0.0,-0.9436
"It's important for Americans to pay attention to events like this one - not just in Israel and the West Bank, but around the world. Foreign policy and international affairs can have a big impact on American lives and our economy, whether it's through trade, immigration, nationalâ¦",,,0.026,0.906,0.068,0.2382
IDF Soldiers laughing About Murdering the people of Gaza. *All the Detergent in the World cant make you Clean!*,,,0.185,0.686,0.129,-0.3382
Itâs kinda like this video:,,,0.0,0.644,0.356,0.2975
 An eye for an eye makes both sides blind. This will never end.,,,0.184,0.816,0.0,-0.4019
The Hindutva gang members in India using Diwali festival crackers video of Delhi to equate and celebrate like that of Israel bombing of Gaza. twitter.com/SudarshanNewsTâ¦,,,0.0,0.701,0.299,0.8555
Donât care ,,,0.0,0.238,0.762,0.4939
 An eye for an eye makes both sides blind. This will never end.,,,0.184,0.816,0.0,-0.4019
Liars.,,,1.0,0.0,0.0,-0.5267
"Hamas brutally beat Gaza civilians who were tired of getting food from humanitarian aid trucks.  Hamas took the goods for itself.  This is a strong attack on humanity, kindness and charity, which I strongly condemn.

Via- kann_news",,,0.248,0.531,0.22,-0.34
I seriously donât know how anyone can defend these people..,,,0.175,0.825,0.0,-0.1779
They don't even care that they are being filmed,,,0.247,0.753,0.0,-0.3875
"They just keep showing their true nature. Just like a brother said, ""I need to be more religious, as there is no way I am spending eternity in Hell with Israeli's."" May Allah unveil & awaken our hearts, minds, ears & eyes, so we turn to Him. Before Dajjals arrival!",,,0.13,0.772,0.097,-0.4199
This is textbook terrorism,,,0.605,0.395,0.0,-0.6808
His cries for his mom and dad itâs so horrible! This whole country must be dismantled. The beginning of the end theyâre trying to make their final blow.,,,0.223,0.777,0.0,-0.8168
So twisted and sickening,,,0.55,0.45,0.0,-0.5667
"Serious, how are they not considered a terrorist state and organization at this point?",,,0.081,0.686,0.233,0.5327
"Honestly, looks a lot like US policing.",,,0.0,0.421,0.579,0.6705
This is Nazi Germany written all over it.,,,0.0,1.0,0.0,0.0
I seriously donât know how anyone can defend these people..,,,0.175,0.825,0.0,-0.1779
They don't even care that they are being filmed,,,0.247,0.753,0.0,-0.3875
"They just keep showing their true nature. Just like a brother said, ""I need to be more religious, as there is no way I am spending eternity in Hell with Israeli's."" May Allah unveil & awaken our hearts, minds, ears & eyes, so we turn to Him. Before Dajjals arrival!",,,0.13,0.772,0.097,-0.4199
This is textbook terrorism,,,0.605,0.395,0.0,-0.6808
His cries for his mom and dad itâs so horrible! This whole country must be dismantled. The beginning of the end theyâre trying to make their final blow.,,,0.223,0.777,0.0,-0.8168
So twisted and sickening,,,0.55,0.45,0.0,-0.5667
"Serious, how are they not considered a terrorist state and organization at this point?",,,0.081,0.686,0.233,0.5327
"Honestly, looks a lot like US policing.",,,0.0,0.421,0.579,0.6705
This is Nazi Germany written all over it.,,,0.0,1.0,0.0,0.0
choosen people by shaytan,,,0.0,1.0,0.0,0.0
"If we had iPhones & body cams in occupied Europe of the 1940s I wonder how similar these scenes would be; when the Gestapo came for Anne Frank's family, is this what it looked like?",,,0.0,0.928,0.072,0.3612
Isrheil criminels de guerre !,,,0.0,1.0,0.0,0.0
Zionists,,,0.0,1.0,0.0,0.0
"If we had iPhones & body cams in occupied Europe of the 1940s I wonder how similar these scenes would be; when the Gestapo came for Anne Frank's family, is this what it looked like?",,,0.0,0.928,0.072,0.3612
Isrheil criminels de guerre !,,,0.0,1.0,0.0,0.0
The real terorist,,,0.0,1.0,0.0,0.0
#IsraelTerorrist,,,0.0,1.0,0.0,0.0
Did occupiers give the children two bottle of water for propaganda?,,,0.167,0.833,0.0,-0.25
How are the israelis are the âchosen peopleâ again?,,,0.0,1.0,0.0,0.0
"I am glad I could never get used to this. When I was younger I got desensitized with violence, but people can attain humanity if they work for it. We should never let go of our humanity and never forget.",,,0.064,0.834,0.101,0.1152
True evil on the loose,,,0.583,0.174,0.243,-0.5994
Why canât the palestinians seeing the incident grab whatever can and rushed to the rescue of a fellow friend!I am watching too much hollywood movie and expect can happen like in the movie .. haha.,,,0.0,0.773,0.227,0.8439
"Lol, they didn't even bother faking a Hebrew accent  this is as real as your entire fake narrative",,,0.133,0.559,0.308,0.471
"Hello any Human there.....,,,,,,,,,,,,,,
Savages ,,,,,,,,,,,,,,
I am glad I could never get used to this. When I was younger I got desensitized with violence"," but people can attain humanity if they work for it. We should never let go of our humanity and never forget.""",,0.263,0.632,0.105,-0.6705
True evil on the loose,,,0.583,0.174,0.243,-0.5994
Why canât the palestinians seeing the incident grab whatever can and rushed to the rescue of a fellow friend!I am watching too much hollywood movie and expect can happen like in the movie .. haha.,,,0.0,0.773,0.227,0.8439
"Lol, they didn't even bother faking a Hebrew accent  this is as real as your entire fake narrative",,,0.133,0.559,0.308,0.471
Savages ,,,1.0,0.0,0.0,-0.5267
Chosen people ,,,0.0,1.0,0.0,0.0
Butchers,,,0.0,1.0,0.0,0.0
From the river to the sea Palestine will be free! ,,,0.0,0.715,0.285,0.5562
"God is Sufficient for us, and He is the Best Trustee, the Best Helper, the Best Master, and the Best to rely upon. Khaybar, Khaybar, O Jews, the army of Muhammad will return, Allah is the Greatest, Allah is the Greatest, Allah is the Greatest.",,,0.0,0.486,0.514,0.989
And people are still asking why Al Aqsa Flood happened.,,,0.0,1.0,0.0,0.0
Oh my god,,,0.0,0.488,0.512,0.2732
Restore the State of Palestine!,,,0.0,0.616,0.384,0.3595
Boycott Netflix,,,0.697,0.303,0.0,-0.3182
Former US marineâs pro-Palestine interview resurfaces online,,,0.0,1.0,0.0,0.0
barbarians,,,0.0,1.0,0.0,0.0
If none of you know this is how hamas was created,,,0.0,0.833,0.167,0.25
Is that soldier wearing sneakers?,,,0.0,1.0,0.0,0.0
#IsraelTerrorism,,,0.0,1.0,0.0,0.0
Another proof,,,0.0,1.0,0.0,0.0
Once again we will repeat it never enough without their weapons they are nothing we saw it well in 1942,,,0.0,0.8,0.2,0.5432
This is what happens to the Palestinians that are supposedly Free,,,0.0,0.752,0.248,0.5106
In front of his children ,,,0.0,1.0,0.0,0.0
If none of you know this is how hamas was created,,,0.0,0.833,0.167,0.25
Is that soldier wearing sneakers?,,,0.0,1.0,0.0,0.0
#IsraelTerrorism,,,0.0,1.0,0.0,0.0
The IDF is a terrorist organization! That is all,,,0.416,0.584,0.0,-0.7177
"The fact that hours before they made palestinians pose with bottle waters and said ""we're not scum"" (which btw they're the ones depriving them of every basic need). At least wait some days or something.",,,0.081,0.919,0.0,-0.4588
US standards of civilization,,,0.0,1.0,0.0,0.0
"This is why the Palestinians in the West Bank must be armed. Instead of arming the people, the so-called âPalestinianâ Authority does israelâs work for them.",,,0.0,0.951,0.049,0.0772
I hate Israel the Nazi regime.,,,0.481,0.519,0.0,-0.5719
"Terrorists have often had young children participate in using explosives and weapons.  They are trained in #Hamas ""summer camps"" to do just that.  It's a sad reality.",,,0.305,0.695,0.0,-0.8779
"Hebron is not occupied, it's under PA.
Israel has 'security responsibility' to arrest people that threat to its country, and cause a risk in engaging terror.

I pity his daugther to have witness it, because her father chose to be a criminal.",,,0.321,0.588,0.091,-0.9022
Well done on the space Truth. Appreciate you,,,0.0,0.413,0.587,0.7269
Thanks!! I appreciate you coming on.,,,0.0,0.327,0.673,0.7339
Great news,,,0.0,0.196,0.804,0.6249
But hamas made me do it ,,,0.0,1.0,0.0,0.0
Toddler among US hostages in Gaza â White House,,,0.0,1.0,0.0,0.0
The White House says that a three-year-old American whose parents were killed by Hamas is among the hostages in Gaza.,,,0.2,0.8,0.0,-0.6705
President Joe Biden raised  the issue of hostages including a toddler,," with a callâ¦""",0.0,1.0,0.0,0.0
i hope he won't get a heartattack or car-/swimmingaccident in the next time,,,0.0,0.775,0.225,0.4404
Palestinians appreciate very much every effort that comes in support of their cause.,,,0.0,0.671,0.329,0.6597
Why is not on our major news outlets????,,,0.0,1.0,0.0,0.0
"Good luck with that, Israel is doing everything by the book.",,,0.0,0.604,0.396,0.7096
"Zionists mocking pro-Palestine protesters. Disgusting behaviour from disgusting people.

#palestine #savepalestine #savegaza #palestina #palestinian #jerusalem #children #israel #alquds #bds #islam #alaqsa #prayforpalestine #gazastrip #turkey #savepalestina #savealaqsa #muslimâ¦",,,0.331,0.669,0.0,-0.886
"Dua 

Mere we can do for Palestine is 
Make Dua
Make Dua for Palestine
It will make our brothers in Palestine victorious

God willing

#PrayForPalestine",,,0.0,0.92,0.08,0.2732
"In memory of more than 10,000 martyrs of the Gaza Strip, a magnificent demonstration was held at Oslo Railway Station by Norwegians #FreePalaestine #PrayForPalestine #GazaUnderAttack #Gaza_Genocide 
",,,0.0,0.813,0.187,0.6486
"Their mosques are being heated under the bombs, they're still not missing any prayers!

Our mosques are being cooled with fans and ACs, and we're still skipping all 5 prayers!
#JummahMubarak #PrayForPalestine",,,0.0,0.924,0.076,0.3553
"Yemen  Stand with Palestine  

#WeStandWithPalestine
#PrayForPalestine
#IsraelisATerorristState",,,0.0,1.0,0.0,0.0
"#Assalamuwalaikum 
A father lost his four children; his world has come to an end. May Allah protect the people of Palestine. Amen  

#freepalestian 
#PrayForPalestine",,,0.089,0.811,0.1,0.0772
"#Hezbollah's anti-ship #missiles, a little remedy for those pesky foreign #warships in the #Mediterranean
#PrayForPalestine #PalestineWillBeFree #Palestine ",,,0.128,0.872,0.0,-0.296
"#AllahHuAkbar
Without a doubt, with courage and bravery, a grenade was thrown into the barrel of the tank, destroying it
#FreePalaestine #PrayForPalestine #GazaUnderAttack #Gaza_Genocide 
",,,0.211,0.609,0.18,-0.2306
"May Allah safeguard the people of Palestine, bless them with strength and resilience, and bring an end to their sufferings
 #PrayForPalestine #DivineProtection
#FreePalaestine 
#FreePalestine 
#WeStandWithPalestine 
#WeStandWithGaza
#FreePalestineFromIsrael",,,0.0,0.736,0.264,0.8225
"Khalid bin al waleed Mosque was completely destroyed by Israeli shelling in khan Younis, Gaza.
#gazaunderattack #palastine 
#prayforgaza #prayforpalestine",,,0.163,0.837,0.0,-0.5413
"Gaza under heavy attack now.
5-11-23

#Palestine #PalestinianLivesMatter #prayforpalestine #gaza #Gazagenocide #IsrealPalestineconflict #PrayForPalestine #IsraelTerrorists #PalestineGenocide #PalestineWar #GazaHospital #IsraelAttack #GazaUnderAttack #GazaUnderSiegeâ¦",,,0.14,0.86,0.0,-0.4767
"More beautiful Zionist talk.
Would you like these people to live in your country?

#palestine #savepalestine #savegaza #palestina #palestinian #jerusalem #children #israel #alquds #bds #islam #alaqsa #prayforpalestine #gazastrip #turkey #savepalestina #savealaqsa #muslimâ¦",,,0.0,0.818,0.182,0.7713
"Are you not entertained enough?

#Palestine #PalestinianLivesMatter #prayforpalestine #gaza #Gazagenocide #IsrealPalestineconflict #PrayForPalestine #IsraelTerrorists #PalestineGenocide #PalestineWar #GazaHospital #IsraelAttack #GazaUnderAttack #GazaUnderSiegeâ¦",,,0.111,0.889,0.0,-0.3089
Highlights from last nights debate: We must condemn the terrorist group of HAMAS! #usa #hamasterrorists #hamaspalestine #palestine #nikkihaley #gop #gopdebate #israel #prayforpalestine #prayforisrael,,,0.266,0.734,0.0,-0.8221
The Quick Story About Israel Actions #FreePalaestine #ISLAM  #prayforpalestine #gazastrip #savepalestina #uk #unitedstates #unitedkingdom #northernireland #london #greatbritian #england #NYC #WashingtonDC #losangeles #sanfrancisco #chicago #longislandcity #Spain #Madrid #Berlin,,,0.0,1.0,0.0,0.0
"Our Patience is nothingâ¦..
#prayforpalestine
#freepalestine",,,0.0,1.0,0.0,0.0
"#AllahHuAkbar

This is spain

#FreePalaestine #PrayForPalestine #GazaUnderAttack #Gaza_Genocide 
@IMshamstrz",,,0.0,1.0,0.0,0.0
"We are minutes away from deathâ: Gazaâs al-Shifa Hospital under attack

#FreePalestineFromIsrael #PrayForPalestine",,,0.205,0.795,0.0,-0.4767
":That was amazing and the real truth - you just nailed it, man. Our prayers are with Gaza and the Palestinian people. #StandWithGaza #PrayForPalestineâ #USA #usataxe",,,0.0,0.79,0.21,0.7269
"TLP Millions March Towards Islamabad. Pro Palestine Protest In Pakistan. Every Body Is So Angry On Israel Attack On Palestine.

#Palestine #PalestinianLivesMatter #prayforpalestine #gaza #Gazagenocide #IsrealPalestineconflict #PrayForPalestine #IsraelTerroristsâ¦",,,0.258,0.742,0.0,-0.8268
"Let us join together in heartfelt prayers for the people of Palestine. May Allah protect them, grant them strength, and bring an end to the injustice they face. 
#PrayForPalestine #JummahMubarak #PeaceForPalestine #FreePalestine 
#FreePalaestine 
#FreePalestineâ¦",,,0.081,0.613,0.306,0.8519
"This little girl is called Julia. She lost her parents in the bombing by Israel in Gaza.

#FreePalestine #IsraelTerroristState #PrayForPalestine 
   #gazaholocust",,,0.103,0.897,0.0,-0.3182
"Philippine human rights campaigner granted bail

#FreePalestineFromIsrael #PrayForPalestine",,,0.0,0.778,0.222,0.25
"Day 1150: I thought it was a high number but it is 9,150 less than the number murdered in #Gaza #Palestine since 7 October! #100daysofwalking #200DaysOfWalking #drogheda #PrayForGaza #PrayForPalestine #300daysofwalking #CeasefireForGaza",,,0.188,0.735,0.076,-0.7777
"We keep that winning feeling ! 
Letâs continue the good work

#FreePalestineFromIsrael #PrayForPalestine",,,0.0,0.527,0.473,0.7959
"#Assalamuwalaikum   

#freepalestian 
#PrayForPalestine",,,0.0,1.0,0.0,0.0
"Powerful words and great resilience from the Gaza resident, Abu Osama Daher, after his wife and all his children became martyrs in the Zionist Israeli bombing in the northern Gaza Strip today.",,,0.0,0.813,0.187,0.7845
"#PrayForPalestine #StopGenocidelnGaza""",,,0.0,1.0,0.0,0.0
Julia (3 years old) lost her only family to an Israeli bombing  O God Allah Almighty Please help Palastinians Gaza's people Ameen  #StopGenocideOfPalestinians #StopGenocideInGaza #PrayForPalestine #PrayForGaza,,,0.076,0.691,0.234,0.5859
"What is the Khalistan movement? How is it linked to India-Canada tensions?

#FreePalestineFromIsrael #PrayForPalestine #PrayForGhaza #PrayForPeace",,,0.169,0.831,0.0,-0.4696
"Gaza has been asked to choose between ethnic cleansing and genocideâ¦

#palestine #savepalestine #savegaza #palestina #palestinian #jerusalem #children #israel #alquds #bds #islam #alaqsa #prayforpalestine #gazastrip #turkey #savepalestina #savealaqsa #muslim #humanrightsâ¦",,,0.0,1.0,0.0,0.0
"Bantuan Kesehatan dan Alat Medis untuk Palestina alhamdulillah telah tersalurkan pada hari Kamis, 9 November 2023. Bantuan ini diberikan ke Pusat Kesehatan Syuhada Jabaliya, Gaza Utara berupa 1 unit alat bantu kesehatan dan 30 paket kebutuhan medis.
#prayforpalestine",,,0.0,1.0,0.0,0.0
"Many Palestinians continue to struggle for survival due to limited access to basic necessities.


#PrayforPalestine 
#Palestine #Gaza #PrayForPalestine #Pakistan #Alkhidmat",,,0.189,0.811,0.0,-0.4939
"Dumbass Zionist propaganda and lies debunked again. This time by 
@AJEnglish
 

#palestine #savepalestine #savegaza #palestina #palestinian #jerusalem #children #israel #alquds #bds #islam #alaqsa #prayforpalestine #gazastrip #turkey #savepalestina #savealaqsa #muslim #humanrightsâ¦",,,0.237,0.763,0.0,-0.8126
"Breaking...

#Palestine #PalestinianLivesMatter #prayforpalestine #gaza #Gazagenocide #IsrealPalestineconflict #PrayForPalestine #IsraelTerrorists #PalestineGenocide #PalestineWar #GazaHospital #IsraelAttack #GazaUnderAttack #GazaUnderSiege #CeasefireForGazaNOW",,,0.0,1.0,0.0,0.0
Manipulation of media narratives in the Israeli-Palestinian conflict #FreeGazaNow #FreePalaestin #PrayForPeace #PrayForPalestine,,,0.31,0.69,0.0,-0.5423
"#AsslamuAllekum  may Allah be pleased with him.
Abu Ubaidah reiterated the statement of Khalid bin Walid",,,0.0,0.838,0.162,0.4404
"By God! I have brought to you people who love death just as you love life. Insha'Allah  Allah will surely grant success one day.'""",,,0.098,0.402,0.5,0.9432
"#FreePalaestine #PrayForPalestine  #Gaza_Genocide""",,,0.0,1.0,0.0,0.0
" #StandWithPalestine  We mourn the loss of many brothers and sisters to acts of terrorism. Together, let's strive for peace and justice. 
Do you know who the real terrorists are?   Everyone know them Occupier
#PrayForPalestine #EndViolence ",,,0.278,0.584,0.139,-0.7845
"In Jakarta, people are enthusiastic about #PrayForPalestine",,,0.0,0.652,0.348,0.4939
This is Reality.    #PrayForPalestine,,,0.0,1.0,0.0,0.0
"Local sources
Armed clashes broke out around the Balata camp, east of Nablus. #prayforpalestine #GazaGenoside #IsraelTerorrist #IsraelNewNazisim",,,0.149,0.851,0.0,-0.4215
"Written on our college whiteboard 
#FreePalaestine #PrayForPalestine",,,0.0,1.0,0.0,0.0
"Palestinians valiantly stand for their faith and strive to protect Islam, reaching out their hand for our crucial support.


#PrayforPalestine 
#Palestine #Gaza #PrayForPalestine",,,0.0,0.579,0.421,0.9022
"O Allah, strengthen the defense of the Palestinian fighters against their enemies (Zionist Israel and its allies).

O Allah, help the Palestinian fighters and grant them victory over their enemies.",,,0.233,0.529,0.238,0.0516
"#WeStandWithPalestine #FreePalestine #PrayForPalestine""",,,0.0,1.0,0.0,0.0
"Listening to this 

#FreePalaestin #FreePalaestine #FreePalestineFormZionist #PrayForGaza #PrayForPalestine",,,0.0,1.0,0.0,0.0
" Heartbreaking to see the destruction in Palestine. Let's stand together and pray for peace, justice, and support for the affected. May Allah bring relief to those in need.  #PrayForPalestine #PeaceAndJustice
 #Gaza_Geniocide 
#CeasefireInGazaNOW 
#Survivor",,,0.172,0.518,0.311,0.7717
#freepalestian ,,,0.0,1.0,0.0,0.0
"#PrayForPalestine""",,,0.0,1.0,0.0,0.0
"Oh Palestine, you are in our hearts and prayers. ""Our Lord, pour upon us patience and plant firmly our feet and give us victory over the disbelieving people."" Quran, 2:250 #FreePalestine #SaveGaza #PrayForPalestine",,,0.0,1.0,0.0,0.0
"This is an example of how to destroy your life in a blink of eyes.

May Allah help them 

#PrayForPalestine  https://twitter.com/missfalasteenia/status/1723095857984049381â¦",,,0.145,0.744,0.112,-0.2023
"The last hug
from the river to the sea,Palestine will be free

Free free Palestine free free plaestine 

#palestine #freepalestine #istandwithpalestine #freepalestine #istandwithpalestine #palestinewillbefree #palestineunderattack #prayforpalestine #gaza #gazaunderattack",,,0.0,0.529,0.471,0.9618
"A man is seen pulling a cart to transfer injuries to hospital in khan Younis, southern Gaza city. 5.11.23 
#freepalestine #freepalestine #gaza #palestine #freegaza #prayforgaza #prayforpalestine #savegaza #staywithpalestine",,,0.0,1.0,0.0,0.0
#gaza #PrayForPalestine #FreePalestine #FreePalestin #motaz_azaiza #GazaHolocaust #Gaza_Geniocide #Ø£Ø¨ÙØ¹Ø¨ÙØ¯Ø© #Ø§ÙØ§ØªØ­Ø§Ø¯_Ø§Ø¨ÙØ§ #Trending,,,0.0,1.0,0.0,0.0
Don't stop talking about PALESTINE #palestinegenocide #freepalestine #palestinewillbefree #prayforpalestine,,,0.0,0.809,0.191,0.2235
"More than two million Indonesians gathered at Monas,Jakarta this morning to pray together and show their support for Palestine.
Presiden Joko Widodo
#SavePalestine
#HelpPalestine
#PrayForPalestine
#WeStandWithPalestine",,,0.0,0.828,0.172,0.6124
"CALL FOR CEASEFIRE NOW
#ceasefirenow #PrayForPalestine",,,0.0,1.0,0.0,0.0
This is Indonesia for PALESTINE #savepalestine #indonesiastandwithpalestine #palestinewillbefree #PrayForPalestine #palestinevictory,,,0.0,1.0,0.0,0.0
#stopgenocide #stopkillingkids #prayforpalestine #freepalestine  From Indonesia ,,,0.0,1.0,0.0,0.0
"The Alkhidmat Foundation Woman Wing is endeavoring to provide essential supplies to the people of Gaza.

#PrayforPalestine 
#Palestine #Gaza #PrayForPalestine #Pakistan #Alkhidmat",,,0.0,1.0,0.0,0.0
"May Allah swt send His Greatest help to the people of #Gaza. May Allah swt grant victory to the #Palestineans, May Allah swt protects all of you. Aamiin ya Rabbal Alamiin #prayforGaza #prayforPalestine #FreePalestine #CeaseFireInGaza #CeasefireNOW #solidaritywithpalestine",,,0.0,0.738,0.262,0.8934
"Good morning. May Allah bless you with health and prosperity on this day.#Azaan #Prayer #Namaz #Muslims #PrayForPalestine #PrayForGazan #gaza #bycottIsrealProducts #bycott_isreal_products #bycott #bycottmacdonald #ALQuran
#Hadees Nabvi
#Farman_E_Ilahi
#urdu #",,,0.0,0.82,0.18,0.6908
"Its ccrazy to think how the people that got bullied by Hitler, are now the bullies. At one point they were begging for peace and now they couldnt care less about it, the world is a shambles, #PrayForPalestine",,,0.152,0.769,0.079,-0.4986
"#FreePalestineNow 
#PalestineUnderAttack
#PalestineGenocide 
#PalestineHolocaust 
#PrayForPalestine
A gift from Indonesia for our brothers and sisters, the guardians and defenders of the land of Syria, Palestine. 'With our souls, with our blood, we sacrifice for you, O Aqsa,,,,,,,,,,,,,,
Israel is a TERRORIST STATE ",,,0.122,0.784,0.094,-0.4995
#IsraelisATerorristState ,,,0.0,1.0,0.0,0.0
#FreePalaestine ,,,0.0,1.0,0.0,0.0
#FreeGazaNow ,,,0.0,1.0,0.0,0.0
"#PrayForPalestine""",,,0.0,1.0,0.0,0.0
"Only to Him we seek
Only Him who guides

#blessed
#PrayForPalestine
#FreePalestine",,,0.0,1.0,0.0,0.0
"Words canât evenâ¦â¦â¦ 

#Palestine #PalestinianLivesMatter #prayforpalestine #gaza #Gazagenocide #IsrealPalestineconflict #PrayForPalestine #IsraelTerrorists #PalestineGenocide
#PalestineWar #GazaHospital #IsraelAttack #GazaUnderAttack #GazaUnderSiege #CeasefireForGazaNOW",,,0.0,1.0,0.0,0.0
"Pakistan has not given Ukraine, which is at war with Russia, any weapons, and it has no intention of doing so.
#ukraine #palestine #PrayForPalestine #IsraeliCrimes #RussiaWar",,,0.281,0.719,0.0,-0.8402
"Despite the prevalence of playing games, Palestinian children contend with dire circumstances and a constant battle for survival.

#Palestine #Gaza #PrayForPalestine #Pakistan",,,0.219,0.664,0.117,-0.5574
"#AsslamuAllekum
#GoodMorningTwitterWorld 
Do you not know that the sovereignty of the earth and the heavens is for Allah alone, and besides Allah, there is no one else worthy of your devotion and help? #Quran 2/107 #FreePalaestine #PrayForPalestine #GazaUnderAttack #Gaza_Genocide #Shams_T",,,0.085,0.687,0.228,0.7964
This video broke me tonight. We never know kan how our life could inspire/affect other people. Lagi2 kalau mmg kita pempengaruh. This is really really sad  #PrayForPalestine,,,0.206,0.794,0.0,-0.7559
Hope the other leaders also wake up. #PrayForPalestine,,,0.0,0.707,0.293,0.4404
The  is with Palestine. But some of our pretentious muslim brothers are acting weird #prayforPalestine,,,0.128,0.872,0.0,-0.2617
"Alkhidmat Foundation's Woman's Wing bringing hope to the people of  Gaza, one blanket bring children's smile light up their darkest days.
601-5
#Palestine #Gaza #PrayForPalestine #Pakistan #Alkhidmat",,,0.098,0.736,0.166,0.296
Sending prayers and hope for peace to the people of Gaza and Palestine.  #PrayForGaza #PrayForPalestine,,,0.0,0.67,0.33,0.7506
"Make dua for our brothers and sisters of Palestine 
#FreePalestine 
#PrayForPalestine
#FreePalaestine 
#FreePalestine 
#WeStandWithPalestine 
#WeStandWithGaza",,,0.0,1.0,0.0,0.0
Sending prayers and hope for peace to the people of Gaza and Palestine.  #PrayForGaza #PrayForPalestine,,,0.0,0.67,0.33,0.7506
"Make dua for our brothers and sisters of Palestine 
#FreePalestine 
#PrayForPalestine
#FreePalaestine 
#FreePalestine 
#WeStandWithPalestine 
#WeStandWithGaza",,,0.0,1.0,0.0,0.0
Ayeza Khan responds to criticism over Palestine post #AyezaKhan #CelebrityNews #PrayforPalestine https://oyeyeah.com/celebrity/ayeza-khan-responds-to-criticism-over-palestine-post/â¦,,,0.209,0.791,0.0,-0.4404
"Pray for palestine

#PrayForPalestine",,,0.0,0.566,0.434,0.3182
Ayeza Khan responds to criticism over Palestine post #AyezaKhan #CelebrityNews #PrayforPalestine https://oyeyeah.com/celebrity/ayeza-khan-responds-to-criticism-over-palestine-post/â¦,,,0.209,0.791,0.0,-0.4404
"Pray for palestine

#PrayForPalestine",,,0.0,0.566,0.434,0.3182
"Let no one seduce you with vain thoughts; it is precisely these things that kindle the anger of God against rebellious men


#PalestineGenocide 
#PrayForPalestine",,,0.341,0.594,0.066,-0.8316
"#AllahHuAkbar
#AllahHuAkbar
.
#FreePalaestine #PrayForPalestine #GazaUnderAttack #Gaza_Genocide 
@IMshamstrz",,,0.0,1.0,0.0,0.0
"A victim of #Ä±sraelTerrorists.

#Palestine #PalestinianLivesMatter #prayforpalestine #gaza #Gazagenocide #IsrealPalestineconflict #PrayForPalestine #IsraelTerrorists #PalestineGenocide #PalestineWar #GazaHospital #IsraelAttack #GazaUnderAttack #GazaUnderSiege #CeasefireForGazaNOW",,,0.11,0.89,0.0,-0.2732
"#Hezbollah's anti-ship #missiles, a little remedy for those pesky foreign #warships in the #Mediterranean
#PrayForPalestine #PalestineWillBeFree #Palestine ",,,0.128,0.872,0.0,-0.296
"Their mosques are being heated under the bombs, they're still not missing any prayers!

Our mosques are being cooled with fans and ACs, and we're still skipping all 5 prayers!
#JummahMubarak #PrayForPalestine",,,0.0,0.924,0.076,0.3553
"#FreePalaestine
#FreePalaestine 
#PrayForPalestine
@IMshamstrz",,,0.0,1.0,0.0,0.0
#freepalestian ,,,0.0,1.0,0.0,0.0
"#PrayForPalestine""",,,0.0,1.0,0.0,0.0
"The bombings near the Indonesian Hospital in Gaza are a tragic reminder of the devastating impact of war. Innocent lives lost, families shattered. 
And still Israel calls it self defence.
#CeasefireInGazaNOW #PrayForGaza 
 #PrayForPalestine #PeaceAndJustice
 #Gaza_Geniocideâ¦",,,0.35,0.57,0.08,-0.93
"The whole of America and Europe should stand behind the Israelis, victory or martyrdom is the only way for us, #Abu_Ubaida

 #FreePalestine #PrayForPalestine #Gaza #Gaza_Genocide #GazaHolocaust #Loki #Bitcoin #BANGYEDAM #Ethereum #SaraAliKhan #goldprice #Bhakts #Omegle #Gaza",,,0.0,1.0,0.0,0.0
"The sky of #Gaza is illuminated by flash #BOMBs dropped by the occupation #IsraelisaGenocidalState #IsraelTerrorists #FreePalestineNow 
#Prayforgaza
#PrayForPalestine 
#AlAqsaFlood 
#AlAqsaNeedsAyubi",,,0.0,1.0,0.0,0.0
"#AllahHuAkbar
You cannot defeat such a nation that never accepts defeat
#FreePalaestine #PrayForPalestine #GazaUnderAttack #Gaza_Genocide 
@IMshamstrz",,,0.104,0.634,0.262,0.4585
"#AllahHuAkbar
Unbelievable confidence, bravery, daring - a grenade was thrown into the barrel of the tank, destroying it
#FreePalaestine #PrayForPalestine #GazaUnderAttack #Gaza_Genocide 
",,,0.122,0.51,0.367,0.7351
"We are minutes away from deathâ: Gazaâs al-Shifa Hospital under attack

#FreePalestineFromIsrael #PrayForPalestine",,,0.205,0.795,0.0,-0.4767
"Stop Gaza genocide
#prayforPalestine
#freePalestine",,,0.355,0.645,0.0,-0.296
"More beautiful Zionist talk.
Would you like these people to live in your country?

#palestine #savepalestine #savegaza #palestina #palestinian #jerusalem #children #israel #alquds #bds #islam #alaqsa #prayforpalestine #gazastrip #turkey #savepalestina #savealaqsa #muslimâ¦",,,0.0,0.818,0.182,0.7713
Highlights from last nights debate: We must condemn the terrorist group of HAMAS! #usa #hamasterrorists #hamaspalestine #palestine #nikkihaley #gop #gopdebate #israel #prayforpalestine #prayforisrael,,,0.266,0.734,0.0,-0.8221
"#AsslamuAllekum 
Do not say that our problems are big to Allah, but rather tell your problems that our Allah is very great, merciful, and generous. Insha'Allah, Allah will make everything better one day
#FreePalaestine #PrayForPalestine #GazaUnderAttack #Gaza_Genocide #Shams_T 
",,,0.102,0.625,0.273,0.8998
"Well said Rangers fan David

I hope many more Rangers fans speak out about the Genocide taking place in Gaza right now. 
#PrayForPalestine ",,,0.0,0.722,0.278,0.743
"Let us join together in heartfelt prayers for the people of Palestine. May Allah protect them, grant them strength, and bring an end to the injustice they face. 
#PrayForPalestine #JummahMubarak #PeaceForPalestine #FreePalestine 
#FreePalaestine 
#FreePalestineâ¦",,,0.081,0.613,0.306,0.8519
"With 75 years under occupation. Palestine don't need peace, We want freedom.. 

#WestandwithPalestine #raiseVoiceForPalestine #FreePalestine #PrayForPalestine #PalestinianLivesMatter",,,0.149,0.783,0.068,-0.3716
"Even Birds Know Israel Is Terrorist Nation.
Free Palestine 
Pray For Palestinian Peoples.

#Palestine #PalestineUnderAttack
  #Iran #PrayForPalestine
#IsraelTerorrist
#Hezbollah #Israel  #Lebanon
 #Hamas #Gaza
#SupportGaza #ÙÙØ³Ø·ÙÙ #Lebanonnews #Gaza  #AlAqsaFloodOperat",,,0.133,0.708,0.159,-0.0258
"Gazaâs two biggest hospitals cease operations as WHO warns of rising deaths

#FreePalestineFromIsrael #PrayForPalestine",,,0.097,0.903,0.0,-0.1027
"Philippine human rights campaigner granted bail

#FreePalestineFromIsrael #PrayForPalestine",,,0.0,0.778,0.222,0.25
"Palestine girl's appeal. 
#Palestine 
#PrayForPalestine #StopTheWarNow",,,0.0,1.0,0.0,0.0
"I have concerns abt AI regarding
#palestine Q. 
#GazaHolocaust #freepalestine #istandwithpalestine #freepalestine#istandwithpalestine #palestinewillbefree #palestineunderattack #prayforpalestine #gazaunderattack #gazapalestine #freegaza #Ø·ÙÙØ§Ù_Ø§ÙØ§ÙØµ
""10,000 Palestinians""",,,0.0,1.0,0.0,0.0
"We keep that winning feeling ! 
Letâs continue the good work

#FreePalestineFromIsrael #PrayForPalestine",,,0.0,0.527,0.473,0.7959
"American nurse talks about her experience in Gaza. 

#palestine #savepalestine #savegaza #palestina #palestinian #jerusalem #children #israel #alquds #bds #islam #alaqsa #prayforpalestine #gazastrip #turkey #savepalestina #savealaqsa #muslim #humanrights #apartheid 
#gazaâ¦",,,0.0,1.0,0.0,0.0
" Over 100 Congressional staffers unite in a powerful walkout at the US Capitol, demanding a ceasefire in Gaza. Their call for peace echoes across the nation.  #CeasefireNow #PeacefulResolution #UnitedForPeace 
 #PrayForPalestine #PeaceAndJustice
 #Gaza_Geniocideâ¦",,,0.115,0.712,0.173,0.4767
"Turkish women condemn Israel in sit-in protest for Palestine

#FreePalestineFromIsrael #PrayForPalestine #PrayForGhaza #PrayForPeace",,,0.295,0.705,0.0,-0.5574
"United in solidarity, sending prayers for the safety and well-being of the people of Palestine.  #StandWithPalestine #PrayForPalestine
#FreePalaestine 
#FreePalestine 
#WeStandWithPalestine 
#WeStandWithGaza",,,0.0,0.698,0.302,0.7783
"Exclusive: Chinese Submarine, Warships In Karachi - What It Means For India

#FreePalestineFromIsrael #PrayForPalestine #PrayForGhaza #PrayForPeace",,,0.094,0.812,0.094,0.0
"Health assistance and medical supplies for Palestine, Alhamdulillah, have been distributed on Thursday, November 9, 2023. This aid was given to the Syuhada Jabaliya Health Center in North Gaza in the form of 1 unit of health aid and 30 medical supply packages. #prayforpalestine",,,0.0,1.0,0.0,0.0
Injustice crime   no matter how high it may rise  remember that in the court of Allah  there is only justice., crime,,0.325,0.519,0.156,-0.7096
"#FreePalaestine #PrayForPalestine #GazaUnderAttack #Gaza_Genocide""",,,0.0,1.0,0.0,0.0
"Russia-Ukraine war live: Germany to âmassively expandâ support for Ukraine, foreign minister says

#FreePalestineFromIsrael #PrayForPalestine #PrayForGhaza #PrayForPeace",,,0.181,0.694,0.125,-0.296
"Explained like you are a five years old                                    Illustration by 

          #prayforpalestine #digitalart #illustration #humanity #humanrights #stayontherightsideofhistory",,,0.0,0.848,0.152,0.3612
"Powerful Tuesday Prayer
#FreePalestine 
#PrayForGhaza 
#PrayforPalestine",,,0.0,0.641,0.359,0.4215
" #StandWithPalestine   #EndViolence  
 We mourn the loss of many brothers and sisters to acts of terrorism. Together, let's strive for peace and justice. #PrayForPalestine #EndViolence 
`terrorists  Occupier `",,,0.258,0.559,0.184,-0.4215
This is Reality.    #PrayForPalestine,,,0.0,1.0,0.0,0.0
"Let's continue to keep Palestine in our thoughts and prayers. May peace, justice, and comfort find their way to the resilient people of Palestine.  #PrayForPalestine",,,0.0,0.701,0.299,0.8555
"South Africa stand with Palestine  

#PrayForPalestine #FreePalestineFromIsrael #IsraelisATerorristState 
#Ø·ÙÙØ§Ù_Ø§ÙØ£ÙØµÙ",,,0.0,1.0,0.0,0.0
"Indeed Almighty Allah! Will help you and reward you more than these hardships.
#ArmiesToAqsa
#PrayforPalestine 
#Gaza #Gaza #Gaza_Genocide #GazaHolocaust #Ø£Ø¨ÙØ¹Ø¨ÙØ¯Ø© #IsraelisaGenocidalState #PalestinianLivesMatter",,,0.0,0.749,0.251,0.7712
"Did something similar but because she was proudly transphobic. It hurts at first, but then you realize how relieved you'll feel not having someone so hateful in your circle. Anyways #PrayForPalestine ",,,0.218,0.598,0.184,-0.3662
"London, throughout Britain, and around the world, a historic day and protest

#FreePalaestine #PrayForPalestine #GazaUnderAttack #Gaza_Genocide 
@IMshamstrz",,,0.118,0.882,0.0,-0.25
" Heartbreaking to see the destruction in Palestine. Let's stand together and pray for peace, justice, and support for the affected. May Allah bring relief to those in need.  #PrayForPalestine #PeaceAndJustice
 #Gaza_Geniocide 
#CeasefireInGazaNOW 
#Survivor",,,0.172,0.518,0.311,0.7717
"A heartfelt prayer for the people of Palestine, especially the children of Gaza. May they find peace, solace, and relief from their suffering.  #PrayForPalestine #ChildrenOfGaza #HopeForPeace",,,0.091,0.614,0.295,0.7906
"""Selective humanity""  you're doing the same thing the western world is doing with Ukraine and Palestine. Do not disregard a nations crisis because of another. 
#PrayforPalestine 
#PrayforSudan
#Prayforcongo",,,0.0,0.83,0.17,0.6259
"Listening to this 

#FreePalaestin #FreePalaestine #FreePalestineFormZionist #PrayForGaza #PrayForPalestine",,,0.0,1.0,0.0,0.0
"Cursed be whatever happens after my death

#StopGazaGenocide 
#FreePalestine 
#PrayForPalestine",,,0.302,0.698,0.0,-0.5994
"The killers of the she-camel of Prophet Saleh (peace be upon him) were only four people. The entire nation was punished because the rest committed the crime of remaining silent.

Insha'Allah, Israel will also soon face the consequences

#FreePalestineNow 
#PrayForPalestine",,,0.221,0.736,0.043,-0.8658
Plans genocide with his family #NetanyahuIsAwarCriminal psychopath  #PrayForPalestine ,,,0.0,1.0,0.0,0.0
"The Israeli occupying forces launched an attack on the Qalandiya refugee camp north of Jerusalem, firing tear gas towards homes. #FreePalaestine #PrayForPalestine #GazaUnderAttack #Gaza_Genocide 
",,,0.196,0.75,0.054,-0.6124
"#AsslamuAllekum
In front of your strength, there are those righteous servants of Allah who have more faith in their Lord than in their strength. From today onwards, if anyone talks about trusting weapons, show them this picture. #FreePalaestine #PrayForPalestine #GazaUnderAttack #Gaza_Genocide #Shams_T 
",,,0.056,0.71,0.234,0.8516
#SavePalestine_FromZionism #PrayForGaza #PrayForPalestine #StandWithPalestine #PalestineWillBeFree,,,0.0,1.0,0.0,0.0
"#AsslamuAllekum
And your Lord says", 'Call upon Me; I will respond to you.' Indeed, those who disdain My worship will enter Hell [rendered] contemptible. 40/60 #FreePalaestine #PrayForPalestine  #Gaza_Genocide #Shams_T ,0.0,1.0,0.0,0.0
"@IMshamstrz""",,,0.0,1.0,0.0,0.0
This is Indonesia for PALESTINE #savepalestine #indonesiastandwithpalestine #palestinewillbefree #PrayForPalestine #palestinevictory,,,0.0,1.0,0.0,0.0
Don't stop talking about PALESTINE #palestinegenocide #freepalestine #palestinewillbefree #prayforpalestine,,,0.0,0.809,0.191,0.2235
children never lie #FreePalestineFromIsrael #IsraelCuak #PrayForGaza #PrayForPalestine,,,0.0,1.0,0.0,0.0
"I'm not anti-Semitic , I'm not racist , I'm not terrorist , but what's happening now in Gaza is GENOCIDE and I can't agree with something like that forever  !!! 

#StopGenocideInGaza 
#PrayForPalestine",,,0.076,0.68,0.244,0.7131
"Their tiny hearts, with heavy burdens, weigh, In the midst of chaos, they find their way.

#Palestine #Gaza #PrayForPalestine #Pakistan #Alkhidmat #DonateForPakistan",,,0.237,0.763,0.0,-0.7351
"Estamos vendendo imagens constantes de necrotÃ©rio a cÃ©u aberto em Gaza!! O genocÃ­dio persiste e o governo de Israel parece nÃ£o deter o genocÃ­dio do povo Palestino.  #PrayForPalestine #StopGenocide""",,,0.0,1.0,0.0,0.0
#gaza #PrayForPalestine #FreePalestine #FreePalestin #motaz_azaiza #GazaHolocaust #Gaza_Geniocide #Ø£Ø¨ÙØ¹Ø¨ÙØ¯Ø© #Ø§ÙØ§ØªØ­Ø§Ø¯_Ø§Ø¨ÙØ§ #Trending,,,0.0,1.0,0.0,0.0
"God bless the people of Palestine.

This needs to stop. It's just NOT right.

#PrayForPalestine https://twitter.com/swilkinsonbc/status/1723828770459496540â¦",,,0.109,0.647,0.244,0.4019
"Only to Him we seek
Only Him who guides

#blessed
#PrayForPalestine
#FreePalestine",,,0.0,1.0,0.0,0.0
"Israel is a TERRORIST STATE 

#IsraelisATerorristState 

#FreePalaestine 
#FreeGazaNow 
#PrayForPalestine",,,0.437,0.563,0.0,-0.7531
"""Is there a bigger dream than to want to go back to your home?""
Deep words from such a young mind.
May Allah Subhanahu Wa Ta'la grant them victory. 
#PrayForGaza #PrayForPalestine
#FreePalestine #BDS
",,,0.0,0.828,0.172,0.5859
"Words canât evenâ¦â¦â¦ 

#Palestine #PalestinianLivesMatter #prayforpalestine #gaza #Gazagenocide #IsrealPalestineconflict #PrayForPalestine #IsraelTerrorists #PalestineGenocide
#PalestineWar #GazaHospital #IsraelAttack #GazaUnderAttack #GazaUnderSiege #CeasefireForGazaNOW",,,0.0,1.0,0.0,0.0
"Despite the prevalence of playing games, Palestinian children contend with dire circumstances and a constant battle for survival.

#Palestine #Gaza #PrayForPalestine #Pakistan",,,0.219,0.664,0.117,-0.5574
"Jungkook Zionist
Boycott #Zionist 
STAND WITH PALESTINE
PRAY FOR PALESTINE
#PrayForPalestine
#FreePalestine 
#SaveChildren",,,0.141,0.673,0.186,0.186
This video broke me tonight. We never know kan how our life could inspire/affect other people. Lagi2 kalau mmg kita pempengaruh. This is really really sad  #PrayForPalestine,,,0.206,0.794,0.0,-0.7559
"Ironically, thatâs how this whole thing started, buddy..Zionist Jews coming into Palestine and using intimidation tactics to build an apartheid state #PrayForPalestine",,,0.118,0.882,0.0,-0.4215
"Pakistan has not given Ukraine, which is at war with Russia, any weapons, and it has no intention of doing so.

#ukraine #palestine #PrayForPalestine #IsraeliCrimes #RussiaWar",,,0.281,0.719,0.0,-0.8402
"Alkhidmat Foundation's Woman's Wing bringing hope to the people of  Gaza, one blanket bring children's smile light up their darkest days.

#Palestine #Gaza #PrayForPalestine #Pakistan #Alkhidmat",,,0.101,0.728,0.171,0.296
"#ukraine #palestine #PrayForPalestine #IsraeliCrimes #RussiaWar""",,,0.0,1.0,0.0,0.0
"Alkhidmat Foundation's Woman's Wing bringing hope to the people of  Gaza, one blanket bring children's smile light up their darkest days.

#Palestine #Gaza #PrayForPalestine #Pakistan #Alkhidmat",,,0.101,0.728,0.171,0.296
The  is with Palestine. But some of our pretentious muslim brothers are acting weird #prayforPalestine,,,0.128,0.872,0.0,-0.2617
"The Israeli economy is increasingly declining due to the war. What is the situation like?

#freepalestina #freepalestine #palestina #hamas #israel #prayforpalestine",,,0.154,0.748,0.098,-0.34
Sending prayers and hope for peace to the people of Gaza and Palestine.  #PrayForGaza #PrayForPalestine,,,0.0,0.67,0.33,0.7506
Hope the other leaders also wake up. #PrayForPalestine,,,0.0,0.707,0.293,0.4404
" 
These kids are being forced to grow up every second, they have to sleep with one eye open because tomorrow isnât promised, this isnât a burden anyone should face  The individuals that are doing this are they even human?#Palestine #PalestinianLivesMatter #PrayForPalestine",,,0.13,0.815,0.055,-0.5267
" 

The zionists is not only having war with Palestine  but all over the world. Even if they win the war  the world will disown them forever. The world will never forgive and forget  #PrayForPalestine""",,,0.05,0.649,0.302,0.9056
"#PrayForPalestine 
#FreePalenstine",,,0.0,1.0,0.0,0.0
"The Palestine children are sharing their thoughts with the Muslim world sitting in their houses in ruins by jews and trying to wake up Muslims.

#Palestine #Gaza #PrayForPalestine",,,0.091,0.82,0.088,-0.0258
"Pray for palestine

#PrayForPalestine",,,0.0,0.566,0.434,0.3182
,,,0.0,0.0,0.0,0.0
"#Palestine #Gaza #PrayForPalestine""",,,0.0,1.0,0.0,0.0
"Pray for palestine

#PrayForPalestine",,,0.0,0.566,0.434,0.3182
"In this challenging situation, the Alkhidmat Foundation Woman Wing is distributing blankets to the people of Gaza.

#Palestine #Gaza #PrayForPalestine #Pakistan #Alkhidmat",,,0.0,0.929,0.071,0.1531
#FreePalestine #PrayForGaza #PrayForPalestine #IsraeliNewNazism,,,0.0,1.0,0.0,0.0
"In this challenging situation, the Alkhidmat Foundation Woman Wing is distributing blankets to the people of Gaza.

#Palestine #Gaza #PrayForPalestine #Pakistan #Alkhidmat",,,0.0,0.929,0.071,0.1531
#FreePalestine #PrayForGaza #PrayForPalestine #IsraeliNewNazism,,,0.0,1.0,0.0,0.0
It has arrived. While I cannot go out to the streets and raise my voice  I have decided to do whatever I can within my usual capacity  even if it's just a little #FreeGaza #FreePalaestine #PrayForGaza #PrayForPalestine,,,0.0,1.0,0.0,0.0
"May Allah protect and save the people of PALESTINE and bring peace and justice to their land.

#PrayForPalestine
#FreePalestine",,,0.0,0.542,0.458,0.9136
#PrayForPalestine,,,0.0,1.0,0.0,0.0
"#FreePalestine""",,,0.0,1.0,0.0,0.0
"Jungkook Zionist
fuck jungkook fuck jack harlow fuck jake kodish fuck scooter braun and fuck any and every zionist ignoring the plight of Palestinians 

Boycott #Zionist 
STAND WITH PALESTINE
PRAY FOR PALESTINE
#PrayForPalestine",,,0.445,0.495,0.06,-0.961
"May Allah protect and save the people of PALESTINE and bring peace and justice to their land.
#PrayForPalestine

#StandForPalestine #StandForJustice #FreePalestine",,,0.0,0.572,0.428,0.9136
"Jungkook Zionist
fuck jungkook fuck jack harlow fuck jake kodish fuck scooter braun and fuck any and every zionist ignoring the plight of Palestinians 

Boycott #Zionist 
STAND WITH PALESTINE
PRAY FOR PALESTINE
#PrayForPalestine",,,0.445,0.495,0.06,-0.961
"May Allah protect and save the people of PALESTINE and bring peace and justice to their land.
#PrayForPalestine

#StandForPalestine #StandForJustice #FreePalestine",,,0.0,0.572,0.428,0.9136
"how many more children have to ?!
**For what sin she was killed** surah Al-Takwir
 #IsraelCommitingGenocide
#IsraelcommitingWarcrimes
#FreePalestine #freegaza #boycottisrael #PrayForGaza #gazaunderattack #savegaza #prayforpalestine #freepalestine #freegaza #savethechildren",,,0.13,0.87,0.0,-0.5983
"No words to explain this! This is heartbreaking! Cannot even say thoughts and prayers are with the  families of those who passed away because those remaining ones will be next in line to get caught to this genocide!  

Israelis are murderers!
This is genocide!

#PrayForPalestine",,,0.203,0.797,0.0,-0.8926
"how many more children have to ?!
**For what sin she was killed** surah Al-Takwir
 #IsraelCommitingGenocide
#IsraelcommitingWarcrimes
#FreePalestine #freegaza #boycottisrael #PrayForGaza #gazaunderattack #savegaza #prayforpalestine #freepalestine #freegaza #savethechildren",,,0.13,0.87,0.0,-0.5983
"No words to explain this! This is heartbreaking! Cannot even say thoughts and prayers are with the  families of those who passed away because those remaining ones will be next in line to get caught to this genocide!  

Israelis are murderers!
This is genocide!

#PrayForPalestine",,,0.203,0.797,0.0,-0.8926
#PrayForPalestine #IsraelLaknatulloh,,,0.0,1.0,0.0,0.0
"we are all Palestinians
we are all GAZA",,,0.0,1.0,0.0,0.0
we are all Palestinians,,,0.0,1.0,0.0,0.0
Fuck Palestine ,,,0.778,0.222,0.0,-0.5423
They are Stand with humanity respect for US ,,,0.0,0.693,0.307,0.4767
"The average IQ in Gaza is 67.9 and 30% of the marriages are between first cousins. 

Forrest Gump had an IQ of 75, for reference.",,,0.0,1.0,0.0,0.0
"This donkey is working more for the oppressed Muslims of #Gaza than the rulers of the Islamic world.
#FreePalestine #OIC #hamas #GazaGeniocide",,,0.138,0.862,0.0,-0.5209
Remove BJP, liberate yourself from the bulls...,,0.0,1.0,0.0,0.0
"Texas, US - why not Iran ? why not in Iraq ? why not in any of 22 Arabic countries ??",,,0.0,1.0,0.0,0.0
Free free. ,,,0.0,0.0,1.0,0.765
Free Palestine  ,,,0.0,0.233,0.767,0.5106
#FreePalestine,,,0.0,1.0,0.0,0.0
"Tidak mustahil orang2 kristian akan membunoh bangsa israel, kerana benci akan kekejaman bangsa ini.",,,0.0,1.0,0.0,0.0
"Muslim are born to die 
Am I right",,,0.394,0.606,0.0,-0.5994
those in Spain towards Palestine. and what are they doing?,,,0.0,1.0,0.0,0.0
Respect  ,,,0.0,0.0,1.0,0.4767
#BidenDemocrats,,,0.0,1.0,0.0,0.0
ISRAEL ESTADO TERRORISTA,,,0.0,1.0,0.0,0.0
The land was Jewish before Muslims conquered it in 611 .... there was no such thing called Palestine.....  The history didn't start in 1947 ....,,,0.084,0.916,0.0,-0.296
Respect  ,,,0.0,0.0,1.0,0.4767
#BidenDemocrats,,,0.0,1.0,0.0,0.0
ISRAEL ESTADO TERRORISTA,,,0.0,1.0,0.0,0.0
"Our answer to October 7th will be conquest, deportation and Jewish settlement",,,0.0,1.0,0.0,0.0
This is terrorism ,,,0.697,0.303,0.0,-0.6808
The West Bank has no Hamas BTW!,,,0.293,0.707,0.0,-0.3595
"A country that asserts its power is waging war against women, children and common citizens, the rules of war are being broken every day, and the world is silent even as the world watches, humanity is collapsing in the world. STOP THE GENOCIDE
#FreePalestine #FreeGazaNow",,,0.291,0.709,0.0,-0.9436
"Letâs start a chain of âAllah is Sufficient for us, and He is the Best Disposer of affairs. for Palestine ",,,0.0,0.811,0.189,0.6369
#FreePalaestine ,,,0.0,1.0,0.0,0.0
#FreePalestine ,,,0.0,1.0,0.0,0.0
"#WeStandWithPalestine """,,,0.0,1.0,0.0,0.0
Ø­Ø³Ø¨ÙØ§ Ø§ÙÙÙ ÙÙØ¹Ù Ø§ÙÙÙÙÙ..,,,0.0,1.0,0.0,0.0
The terrorist occupation forces continue their crimes with impunity because of the support from US and EU.,,,0.21,0.67,0.121,-0.4588
Maybe they are Hamas members,,,0.0,1.0,0.0,0.0
"NEW: California governor Gavin Newsom admits the only reason Dem leaders cleaned up San Francisco was because world leaders were coming for APEC.

âFolks say: âoh, they're just cleaning up this place because all those fancy leaders are coming into town.ââ

âThatâs true becauseâ¦",,,0.0,0.894,0.106,0.6124
" there is no HAMAS here..""",,,0.355,0.645,0.0,-0.296
The most justified war,,,0.456,0.218,0.326,-0.2927
More Pallywood?,,,0.0,1.0,0.0,0.0
Is this Sanatan darm?,,,0.0,1.0,0.0,0.0
Ayesha and prophet ,,,0.0,1.0,0.0,0.0
Is it fake or not? That's terrible....,,,0.341,0.659,0.0,-0.4767
" RECAP #Israel #Palestine

1. Israeli Prime Minister Benjamin Netanyahu said that Israel would assume âoverall security responsibilityâ of the Gaza Strip for an indefinite period after its war with Hamas, the most public pushback against USâ¦",,,0.097,0.844,0.06,-0.3612
That looks a lot like Mexico,,,0.0,0.615,0.385,0.3612
"stop spreading lies 
Mexican police officer in a riot in 2020 in Guadalajara.",,,0.489,0.511,0.0,-0.8225
Abe chutiye solder pe dekh kiska flag hai isi liye bolta hu pahle ja kari lao uske baad bakchodi karo per tum bhosdi wale ko to apne aage kuchh dikhta hu nahi #israelisrealterrist #hamasiasfighter,,,0.0,1.0,0.0,0.0
Is this Sanatan darm?,,,0.0,1.0,0.0,0.0
Ayesha and prophet ,,,0.0,1.0,0.0,0.0
Is it fake or not? That's terrible....,,,0.341,0.659,0.0,-0.4767
" RECAP #Israel #Palestine (as of 07:00 GMT, 7 November)

1. Israeli Prime Minister Benjamin Netanyahu said that Israel would assume âoverall security responsibilityâ of the Gaza Strip for an indefinite period after its war with Hamas, the most public pushback against USâ¦",,,0.086,0.861,0.053,-0.3612
That looks a lot like Mexico,,,0.0,0.615,0.385,0.3612
"stop spreading lies 
Mexican police officer in a riot in 2020 in Guadalajara.",,,0.489,0.511,0.0,-0.8225
"what proof do you have that this is in the UK, we can clearly see the Mexican flag at the uniform of the policeman. Also, what proof do you have that this was done at a ""Hamas demonstration""",,,0.0,0.895,0.105,0.4767
That is 4 Jun 2020 in Guadalajara Mexico.,,,0.0,1.0,0.0,0.0
no we don't ,,,0.524,0.476,0.0,-0.296
IDIOTEN,,,0.0,1.0,0.0,0.0
Honda sport Goli maar Deni chahie,,,0.0,1.0,0.0,0.0
Very good ,,,0.0,0.238,0.762,0.4927
Thatâs not a British police officer. ,,,0.0,1.0,0.0,0.0
Er.. that's 100% not in Britain.,,,0.0,1.0,0.0,0.0
RIP   EUROPE,,,0.0,1.0,0.0,0.0
reverse image and video searching is a blessing,,,0.0,0.652,0.348,0.4939
Satan Voice ,,,0.0,1.0,0.0,0.0
That's not the UK lol,,,0.368,0.632,0.0,-0.3252
What hamas related.  The guy were toyota shirt.,,,0.0,1.0,0.0,0.0
This is NOT BRITAIN IT WAS MEXICO IN 2020,,,0.0,1.0,0.0,0.0
Wtf,,,1.0,0.0,0.0,-0.5859
#ISISISISRAEL,,,0.0,1.0,0.0,0.0
this should be america,,,0.0,1.0,0.0,0.0
Peaceful religion,,,0.0,0.238,0.762,0.4939
Thatâs not BRITAIN !!!,,,0.0,1.0,0.0,0.0
That's not British,,,0.0,1.0,0.0,0.0
By the way it's not Hamas it's Mexico 2020,,,0.0,1.0,0.0,0.0
Lies and defamation. This is in Mexico in 2020.,,,0.259,0.741,0.0,-0.4215
Fake that is not a British police uniform..,,,0.341,0.659,0.0,-0.4767
Deport them.,,,0.0,1.0,0.0,0.0
Please also share what's happening in Gaza,,,0.0,0.526,0.474,0.5423
3 years old video ,,,0.0,1.0,0.0,0.0
The peaceful vibes of many Palestinians who support Hamas ,,,0.0,0.543,0.457,0.7096
Deport them.,,,0.0,1.0,0.0,0.0
Please also share what's happening in Gaza,,,0.0,0.526,0.474,0.5423
3 years old video ,,,0.0,1.0,0.0,0.0
The peaceful vibes of many Palestinians who support Hamas ,,,0.0,0.543,0.457,0.7096
"Don't be like idiots, don't spread fake news. There are enough real videos for that",,,0.119,0.736,0.145,0.1139
Laying this is old video,,,0.0,1.0,0.0,0.0
this is the future of europe. europe will fall into the darkness of islam before 2050,,,0.118,0.882,0.0,-0.25
Well that's one way to try to get sympathy...,,,0.0,0.792,0.208,0.2732
Is there a follow up on this guy?,,,0.0,1.0,0.0,0.0
Laying this is old video,,,0.0,1.0,0.0,0.0
this is the future of europe. europe will fall into the darkness of islam before 2050,,,0.118,0.882,0.0,-0.25
Well that's one way to try to get sympathy...,,,0.0,0.792,0.208,0.2732
He lies like a scoundrel.,,,0.384,0.274,0.342,-0.0772
Is there a follow up on this guy?,,,0.0,1.0,0.0,0.0
Not the UK,,,0.0,1.0,0.0,0.0
Fake video this is not palestine demonstration. You a liar,,,0.562,0.438,0.0,-0.7715
Did they shoot that terrorist?,,,0.703,0.297,0.0,-0.7964
Thats mexican flag,,,0.0,1.0,0.0,0.0
Mexican police officer in a riot in 2020 in Guadalajara,,,0.31,0.69,0.0,-0.5574
This is not a British,,,0.0,1.0,0.0,0.0
"False, this was a protest in 2020 in Mexico, quit lying, you can see the Mexican flag on his right sleeve",,,0.231,0.769,0.0,-0.6597
Fake news spreader are equal to crime doer,,,0.524,0.476,0.0,-0.765
Keep spreading propaganda, an old video from Mexico,,0.5,0.5,0.0,-0.25
in the same time - party  alcohols  hookers and private jet to the Hamas leaders,,,0.0,0.828,0.172,0.4019
"British police looks different, do t spread fake",,,0.341,0.659,0.0,-0.4767
Nah man i think they look like this,,,0.157,0.562,0.281,0.2732
"Since that is not a British policeman and that incident did not occur in Britain I can safely say

...This is what Zionist propaganda looks like.",,,0.07,0.732,0.199,0.5719
I dunno. Mebbe British cops should start carrying guns. Just sayin'.,,,0.0,1.0,0.0,0.0
Itâs interesting to me that the WHO is not calling for the release of the hostages.,,,0.0,0.847,0.153,0.4019
"
 - this morning the IDF delivered fuel to Al-Shifa Hospital.

#Hamas stopped them from receiving it.
look into the facts. condemn Hamas.
all the proof is here ",,,0.158,0.842,0.0,-0.5423
"the situation is horrific

here below proof",,,0.423,0.577,0.0,-0.6597
And that is not to mention the bombs hitting #AlShifaHospital (and other facilities) in #Gaza.,,,0.0,1.0,0.0,0.0
Letâs be honest for once shall we? The only reason israel is interested in the hospital is because Hamas are there. Itâs their base. (War crime btw). So why not call on Hamas to surrender? Surely that will be the quickest way to end this.,,,0.065,0.763,0.172,0.6966
"WAIT! 

Is this the same Tedros guy who helped China make sure that nobody knew that Covid leaked from Wuhan?

Cool cameo!",,,0.087,0.717,0.196,0.4374
Get Hamas to distribute its resources. Hamas actually confiscated fuel Israelis gave to Shifa for emergency purposes. You forgot to report that. Why is that???,,,0.116,0.884,0.0,-0.4836
"No one should suffer the consequences of Hamas's inhumanity and brutality.
#StandUp4HumanRights
DO NOT Support #Terror
#FreeGaza From Hamas
#BringBackOurChildren
#Hamas #Terrorism
Who kidnaps kids?
#BringThemHome
#ChildAbduction",,,0.342,0.658,0.0,-0.8992
"The longer the medical chaos at the hospital goes on, the more time Hamas gains from Israel entering and getting to the Hamas HQ under the hospital. 

You know this but instead of calling for the toppling of Hamas, you call for a ceasefire which helps them; Not Gazans.",,,0.045,0.856,0.099,0.437
"Soft is stronger than hard
Water stronger than rock, love stronger than violence",,,0.224,0.286,0.49,0.7579
longer than 3 days,,,0.0,1.0,0.0,0.0
"On 18 July 2015 at 12:02 am, after Britainâs most powerful newspaper published online about the video of 4 senior royals publicly supporting Nazi in Buckingham Palace Garden (see evidence attached), communities across Britain and international communities in 195 countries aroundâ¦ twitter.com/TheSun/status/â¦",,,0.0,0.867,0.133,0.7178
"On 17 July 2015, after Britainâs most powerful newspaper printed a front page breaking news story about the video of 4 senior royals publicly supporting Nazi in Buckingham Palace Garden (see evidence attached), communities across Britain and international communities in 195â¦ twitter.com/compassion_heaâ¦",,,0.0,0.864,0.136,0.7178
"lsraeli warplanes launch a series of airstrikes against southern Gaza Strip.
#FreePalestine#GazaGeniocide",,,0.0,1.0,0.0,0.0
Thanks for UR persistent advocacy 4 the right thing....,,,0.0,0.707,0.293,0.4404
what's the status of the NICU babies? Her's Al Jazeera's piece as of yesterday,,,0.0,1.0,0.0,0.0
Tedros' rise is amazing--from train conductor to head of WHO..Surely there's a story behind it.,,,0.0,1.0,0.0,0.0
"Also, itâs been completely evacuated so the people this is a problem for is #Hamas_is_ISIS , which explains why 
@WHO
 is so worked up about it. #NeverAgainIsNow #IStandWithIsrael",,,0.097,0.903,0.0,-0.4019
"I'm surprised the phone call didn't take as long as the covid one did. Which was more than 6 month ring I'm guessing. 

I was assuming that government officials owned cell phones, This was my floor from the very beginning and why no one wanted to listen when I told them that theâ¦",,,0.042,0.921,0.036,-0.0772
Whoâs in control of the hospital?,,,0.0,1.0,0.0,0.0
hahah. As if you weren't constantly in contact with Hamas.,,,0.0,1.0,0.0,0.0
Thank God for the cell phone,,,0.0,0.465,0.535,0.5574
"Our troops risked their lives to hand-deliver 300 liters of fuel to the Shifa hospital for urgent medical purposes.

Hamas forbade the hospital from taking it. 

Gazaâs Hamas-run health ministry has been warning for weeks that its hospitals are running out of fuel. If so, whyâ¦",,,0.088,0.876,0.037,-0.3612
How many functioning hospitals were there in Khartoum or Mekelle during the wartime period in Sudan and Tigray?,,,0.0,1.0,0.0,0.0
Spread the truth,,,0.0,0.465,0.535,0.3182
Shut up Criminalâ¦.you should be in jail!,,,0.0,1.0,0.0,0.0
A former Senior Governor of 20 major NHS Hospitals in London (our chairman) and his friends (who are current hospital governors across Britain) wept for hours as they heard the news about 500 humans beings died and thousands were injured when a hospital in Gaza was bombed by theâ¦ twitter.com/WHO/status/171â¦,,,0.165,0.78,0.055,-0.7351
"I pray the UNDP may lead Palestine after the atrocities of war, to lead past the pain of the past and horror of the survived present. 

I did not know what the UNDP was, however for those who donât know they are quite extraordinary! This is from their website:

âUNDPâs Programmeâ¦",,,0.184,0.724,0.092,-0.7644
"See people, you see a post like this and then one like below showing the opposite... Notice the lights on in the Hospital? 

 #IsraelFightsBack",,,0.0,0.808,0.192,0.6124
"Why donât you ask Hamas terrorists to release files from their storage? Or why they did not let the Israelisâ fuel to get to the hospital? By the way, the authorities  in Gaza are Hamas members.",,,0.113,0.887,0.0,-0.6662
Did the WHO condemn hamas for preventing the arranged fuel delivery?,,,0.291,0.709,0.0,-0.4019
Crimes against humanity,,,0.0,1.0,0.0,0.0
"You mean, End Hamas Now.  Fixed it for you.",,,0.0,1.0,0.0,0.0
Not one word about Hamas using this hospital as their HQ for the past 14 years?,,,0.0,1.0,0.0,0.0
Horrible. What have you done to release our hostages?,,,0.304,0.696,0.0,-0.5423
"You should blame Hamas for this. They have plenty of fuel, started the war and placed key strategic locations below the hospital.",,,0.24,0.76,0.0,-0.743
Stop lying Tedros,,,0.848,0.152,0.0,-0.6808
The world cannot stand silent when hospitals are used as human shields for terror command centers.,,,0.185,0.815,0.0,-0.5267
Blame #Hamas,,,0.706,0.294,0.0,-0.34
Any update on the well-being of the hostages?,,,0.0,1.0,0.0,0.0
"âIt's been 3 days without electricity, without waterâ

So they are all dead inside ?",,,0.264,0.736,0.0,-0.6486
"Untill when?.
All sorts of crimes against humanity has been on since 37 days.",,,0.0,1.0,0.0,0.0
Talk to Hamas. They can surrender. Quit being a simp for Hamas.,,,0.0,1.0,0.0,0.0
"You should blame Hamas for this. They have plenty of fuel, started the war and placed key strategic locations below the hospital.",,,0.24,0.76,0.0,-0.743
Stop lying Tedros,,,0.848,0.152,0.0,-0.6808
The world cannot stand silent when hospitals are used as human shields for terror command centers.,,,0.185,0.815,0.0,-0.5267
Blame #Hamas,,,0.706,0.294,0.0,-0.34
Any update on the well-being of the hostages?,,,0.0,1.0,0.0,0.0
"âIt's been 3 days without electricity, without waterâ

So they are all dead inside ?",,,0.264,0.736,0.0,-0.6486
"Thereâs only one question you should be asking about #ShifaHospital and it is this: 

If itâs âonly a hospitalâ why is it so heavily armed that it has taken the IDF days to just advance a few hundred meters towards it? 

Thatâs it. Thatâs the only question. 

Whatâs the answer?",,,0.0,1.0,0.0,0.0
"By this picture from today they still have electricity.

So you are lying, Hamas or both.",,,0.196,0.804,0.0,-0.5667
"Question? Israel government are saying that this is being used as a military base and that Hamas are using atypical tactics such as embedding themselves within civilian clothes and locations. 

Iv no idea if this is true of not, but you must understand that after Hamas murderedâ¦",,,0.034,0.926,0.04,0.0772
Mercy ,,,0.0,0.0,1.0,0.3612
"Hey ,
Why doesnât Hamas just surrender their HQs, missile factories, torture chambersâ¦sorry, I mean âthe hospitalsâ to the Israelis? The Israelis are then responsible for the patients, medical emergency solved!        

It is such a mystery.",,,0.169,0.722,0.109,-0.5255
Hamas has plenty of oil.,,,0.0,1.0,0.0,0.0
Easiest way to spot Hamas propaganda? Use your eyes.,,,0.169,0.593,0.237,0.2023
"Breaking : Japanese gather in support of Israel. That is a nice Jewish song, an Oldie 

 ",,,0.0,0.686,0.314,0.6705
" If you see this video of this child whose foot was broken in this brutal way by the Zi..onist mafia, then you are not a human being.

 Zio..nism is a criminal gang with media and money in its hands. Wake up, you free people",,,0.204,0.732,0.064,-0.8074
Bombs away!,,,0.0,1.0,0.0,0.0
The Israeli government need sanctioned,,,0.0,1.0,0.0,0.0
"What about the kidnapped children, women and men held in Gasa? Why don't you call for their release? Pls Use your power to help release them. No caesefire is possible as long as they are there",,,0.056,0.834,0.11,0.2869
#ReleaseTheHostagesNow,,,0.0,1.0,0.0,0.0
#HamasISIS #Hamas_is_ISIS #HamasMassacre #HamasNazis,,,0.0,1.0,0.0,0.0
Hostage?,,,0.0,1.0,0.0,0.0
Fake,,,1.0,0.0,0.0,-0.4767
CEASE FIRE NOW!,,,0.574,0.426,0.0,-0.4003
#CeasefireNOW,,,0.0,1.0,0.0,0.0
Please do something,,,0.0,0.465,0.535,0.3182
#CeasefireNOW,,,0.0,1.0,0.0,0.0
Please do something,,,0.0,0.465,0.535,0.3182
"In the comments repeatedly pointing to 'Hamas, Hamas, Hamas', a crucial misunderstanding of the core issue is evident. It's clear that the emergence of Hamas isn't the primary problem but rather a result of the prolonged occupation and the resultant suffering of Palestinians",,,0.13,0.796,0.074,-0.5605
"IDF provided fuel - are they using it? 

If not, why not?",,,0.0,1.0,0.0,0.0
"Just wait for the Israelis, the pro genocides to say :
WHO is antisemitic 
WHO is Hamas",,,0.0,1.0,0.0,0.0
"

Resign. NOW.",,,0.706,0.294,0.0,-0.34
I'm so sorry ,,,0.443,0.557,0.0,-0.1513
"As an immediate measure, UN should immediately ask all civilians to separate themselves from terrorists. No country tells its enemy for over 10 days that ground assault will start soon. Still, they did not separate themselves from terrorists. Israel gave civilians enough time.",,,0.318,0.682,0.0,-0.9565
We are listening,,,0.0,1.0,0.0,0.0
Surrender Hamas.,,,0.0,1.0,0.0,0.0
Funny that the only thing no one is calling for is Hamas to surrender. That is the easiest and most justified solution.,,,0.072,0.558,0.37,0.8431
#HamasSurrenderNow,,,0.0,1.0,0.0,0.0
"""the hospital is not functioning as a hospital anymore"" is your funniest take so far. You seem to not be up to date. Try to read up about it. It might inform you about the reason for the ongoing combat in the area.",,,0.052,0.87,0.078,0.296
My heart cries so much for these innocent lives that are the victims of this situation. God bless all.,,,0.19,0.532,0.278,0.3182
What about the hostages? Have you managed to get in touch with them?,,,0.0,1.0,0.0,0.0
"
 you said on Twitter this morning you wanted to address this crisis. I hope youâre working today sir.",,,0.214,0.659,0.127,-0.4543
Culprit is HAMAS.,,,0.0,1.0,0.0,0.0
my heart hurts for those doctors facing mass losses ,,,0.453,0.547,0.0,-0.7003
"AT THE VERY LEAST THERE SHOULD BE ALL POWER, FUEL AND WATER IN 
AL-SHIFA. ISRAEL IS COMPLICIT IN THIS HORRIBLE  LOSS OF LIFE AND UNBEARABLE TRAIMA.
THEY ARE HITTING AL-SHIFA!!!
STOP ISRAEL.",,,0.234,0.766,0.0,-0.8349
"A critical situation at Al-Shifa Hospital. Three days without electricity, water, and the internet are slowly taking a toll on the ability of doctors to provide basic medical assistance. Gunfire and bombing worsen the situation. The world should not remain silent. Ceasefire NOW!
#FreePalestine",,,0.125,0.826,0.049,-0.5562
"Is there a reason UN is not calling on Hamas to use its stockpiles of fuel, food, water and medicines for the hospitals and for other humanitarian relief?",,,0.0,0.893,0.107,0.4767
"WHAT CAN WE DO?!!
No one listens to the millions of people who are marching in the streets for a ceasefire. 
We call our representatives + keep telling our government we don't want this done in our name. 
They don't listen. 
@JoeBiden
 @ABlinken
 #CeasefireNOW",,,0.091,0.909,0.0,-0.4599
"no electricity? how come, lights and monitors are still on in those pictures of babies that were taken out of incubators?

maybe you should get some reliable sources.",,,0.087,0.913,0.0,-0.3736
"WHAT CAN WE DO?!!
No one listens to the millions of people who are marching in the streets for a ceasefire. 
We call our representatives + keep telling our government we don't want this done in our name. 
They don't listen. 
@JoeBiden
 @ABlinken
 #CeasefireNOW",,,0.091,0.909,0.0,-0.4599
"WHO IS PERPETRATING THE AIRSTRIKES?

Who has cut off water, food, fuel, and power??",,,0.169,0.831,0.0,-0.3899
Hypocrite !!! ,,,0.0,1.0,0.0,0.0
#CeaseFireNow,,,0.0,1.0,0.0,0.0
"Meanwhile , here in Australia our government has signed up with America, so we hear little else butâHamas Terroristsâ and Hamas atrocities , totally ignoring the REASON that HAMAS exists , just as Nelson Mandela rose to power after 27 years in gaol for being âa terroristâ.",,,0.065,0.935,0.0,-0.4576
"Do you work for Hamas, sir?",,,0.0,1.0,0.0,0.0
"Know one believes the WHO
Anyways they all seem to have working iPhones after 3 days of no power. I need update my phone to that type of battery",,,0.078,0.922,0.0,-0.296
"Interesting how well ""the hospital"" is holding up the attack, pretty tough guards you got there.",,,0.195,0.466,0.339,0.5267
Why not airdrop medical aid to Al-Shifa hospital? Jordan did that for its field hospital.,,,0.0,1.0,0.0,0.0
"Why is gunfire at the hospital?, that shows truly that Hamas base is there, if not there won't be gunfire at the hospital",,,0.0,0.884,0.116,0.4404
"They were told to evacuate 3 weeks ago. There has been a corridor open every day for a week.Why arent you getting medical personnel and patients out of a hospital that you know has Hamas under it, around it and integrated into it. Could the medical be part of Hamas?",,,0.0,1.0,0.0,0.0
Cease fire ,,,0.706,0.294,0.0,-0.34
Let's talk about the hospitals in Gaza...,,,0.0,1.0,0.0,0.0
Why not airdrop medical aid to Al-Shifa hospital? Jordan did that for its field hospital.,,,0.0,1.0,0.0,0.0
"UN is defacto USON (United States & Other Nations).
 Till the US agrees nothing will happen.",,,0.0,0.886,0.114,0.2023
"Why is gunfire at the hospital?, that shows truly that Hamas base is there, if not there won't be gunfire at the hospital",,,0.0,0.884,0.116,0.4404
"They were told to evacuate 3 weeks ago. There has been a corridor open every day for a week.Why arent you getting medical personnel and patients out of a hospital that you know has Hamas under it, around it and integrated into it. Could the medical be part of Hamas?",,,0.0,1.0,0.0,0.0
Cease fire ,,,0.706,0.294,0.0,-0.34
Let's talk about the hospitals in Gaza...,,,0.0,1.0,0.0,0.0
Thank you brothers. It takes a lot of courage these days to protest against genocide. Stay safe.,,,0.088,0.531,0.381,0.765
Ireland ,,,0.0,1.0,0.0,0.0
This is the real Jewish nation.  These are the people who really care.,,,0.0,0.775,0.225,0.5413
Much love and respect to our Jewish brothers and sisters standing against the oppression and the genocide of Palestinians. ,,,0.0,0.7,0.3,0.8074
These children walking down the street to protest has a deeper meaning: the parents donât want their children to learn the language of hate. They want their children to live each other and stand by each other. So deep and profound culture of  mutual love and respect.,,,0.103,0.719,0.178,0.4939
Massive respect to them all ,,,0.0,0.563,0.437,0.4767
Freaking Awesome!,,,0.389,0.0,0.611,0.3802
We should support palastine. ,,,0.0,0.526,0.474,0.4019
From river to sea Palestine will be free,,,0.0,0.68,0.32,0.5106
"Photo/video from the London pro-Palestine march 11/11/23

Orthodox Jews in attendance once again for another #FreePalestine rally",,,0.0,1.0,0.0,0.0
"Excellent Speech!
He Nailed #Israeli  Propaganda Within Four Minutes. Let's Make This Video Go Viral Please...
I Will Be Posting It On My account Everyday!

WE STAND WITH PALESTINE!
WE STAND WITH HUMANITY!",,,0.054,0.814,0.132,0.5951
"These people didnât need to steal someone elseâs land. They chose to live here in America the land of freedom. They are very happy here and they make America a better place with their rich, loving culture. We are lucky to have them.",,,0.054,0.587,0.359,0.9595
free Palestine ,,,0.0,0.233,0.767,0.5106
pray for gaza,,,0.0,0.465,0.535,0.3182
"Excellent Speech!
He Nailed #Israeli  Propaganda Within Four Minutes. Let's Make This Video Go Viral Please...
I Will Be Posting It On My account Everyday!

WE STAND WITH PALESTINE!
WE STAND WITH HUMANITY!",,,0.054,0.814,0.132,0.5951
"These people didnât need to steal someone elseâs land. They chose to live here in America the land of freedom. They are very happy here and they make America a better place with their rich, loving culture. We are lucky to have them.",,,0.054,0.587,0.359,0.9595
free Palestine ,,,0.0,0.233,0.767,0.5106
pray for gaza,,,0.0,0.465,0.535,0.3182
"Those who disguised themselves as anti-Semites will dress up as Santa Clauses and elves in December, for the same price",,,0.1,0.9,0.0,-0.2732
"There is an account on here called @TorahJudaism.

It is clear that they are not Jewish, they are antisemitic and continually misrepresent our community and Judaism.

They use translated versions of Turkish wikipedia in tweets to explain Judaism.

As we called out their BS, theyâ¦ twitter.com/shevereshtus/sâ¦",,,0.0,0.945,0.055,0.3818
"
 better get these people deported!",,,0.0,0.556,0.444,0.4926
How did they get so many Arabs to dress up as Jews?,,,0.0,1.0,0.0,0.0
Huge respect for these people.,,,0.0,0.357,0.643,0.6597
"This is what love is.

Thank you",,,0.0,0.427,0.573,0.7717
Men of integrity.,,,0.0,0.435,0.565,0.3818
Nothing but respect for these Jewish brothers and sisters.,,,0.294,0.706,0.0,-0.5157
Bless them ,,,0.0,0.263,0.737,0.4215
"Human is human 
Doesnât matters race colour religion or nationality 
Iâm glad to see those humans standing with Palestine 
We have a war whichâs started long time ago 
And itâs between human and human who believe they are above human",,,0.089,0.818,0.093,-0.2023
"Bless all the millions of protestors against #Zionist #genocide, especially our #Jewish allies.  So brave and so critical, to show that #Zionism is NOT #Judaism.",,,0.083,0.708,0.209,0.5994
"I don't want to talk or stay silent, I just want to cry,",,,0.409,0.591,0.0,-0.549
"Bless all the millions of protestors against #Zionist #genocide, especially our #Jewish allies.  So brave and so critical, to show that #Zionism is NOT #Judaism.",,,0.083,0.708,0.209,0.5994
"I don't want to talk or stay silent, I just want to cry,",,,0.409,0.591,0.0,-0.549
"Much respect to the real Jewish people who stand by humanity & despite the fact Zionist Benjamin Netanyahu regime blew up their Jewish Orthodox church & killed many innocent Jewish Orthodox Jewish & Christians, they fighting for  peace & humanity & protesting against genocide ",,,0.189,0.637,0.174,-0.2023
If only the whole world was so decent.,,,0.0,1.0,0.0,0.0
"Beautiful people

God bless you all",,,0.0,0.254,0.746,0.8316
Real jews  Zionists are not jews,,,0.0,1.0,0.0,0.0
Salute & Respect,,,0.0,0.244,0.756,0.4767
Thank you ,,,0.0,0.286,0.714,0.3612
"These people know, love and follow the Torah and itâs a beautiful thing to see. How long will it be before they are labelled antisemitic?",,,0.0,0.731,0.269,0.8442
"Merci, merci, merci : force et honneur Ã  vous ",,,0.0,1.0,0.0,0.0
Beautiful ,,,0.0,0.0,1.0,0.5994
"Thank you for this. You are an inspiration.
Hopefully our elected leaders, who are supposed to represent us, will listen to reason and force a ceasefire.",,,0.0,0.719,0.281,0.8225
Beautiful humanity  ,,,0.0,0.204,0.796,0.5994
These are Good Jews & should not be demonised by the current Israel Government who are nothing but disgusting who are devaluing the cruelty of the holocaust,,,0.158,0.677,0.165,-0.1867
Alhamdulillahâ¦Thank you brothers & sisters. May Allah Bless all of you. Amenâ¦,,,0.0,0.781,0.219,0.4215
Well said there is hope,,,0.0,0.375,0.625,0.6124
I appreciate my Jewish brothers standing up for what's right ,,,0.0,0.748,0.252,0.4019
"By God Almighty, there are Jews who have mercy and do not accept injustice, even if the oppressor is their brother. A scene that brought tears to my eyes when I saw the scene.",,,0.106,0.698,0.196,0.5445
Good to see Jews saying ânot in my nameâ,,,0.0,0.734,0.266,0.4404
Well done those people who understand shalom/salaam,,,0.0,0.741,0.259,0.2732
"This is impressive, very brave indeed ",,,0.0,0.364,0.636,0.7902
Hats off to them! it takes guts and conviction to do that,,,0.0,1.0,0.0,0.0
"I love u all for holding to ur true religion  The Messenger of Allah(s.a.w) said:
""There shall come upon the people a time in which the one who is patient upon his religion will be like the one holding onto a burning ember.""
All we can do now is pray & trust God' justice ",,,0.0,0.671,0.329,0.9618
Bless you all for your bravery and humanity ,,,0.0,0.5,0.5,0.7184
"These Jews are our friends
They are not Zionist
They're not terrorist
They are right",,,0.0,0.655,0.345,0.7807
Thank you to all,,,0.0,0.545,0.455,0.3612
Humanity on display - More power to the 'peacemakers'.. ,,,0.0,1.0,0.0,0.0
Beautiful Jews ,,,0.0,0.204,0.796,0.5994
"I have no words to explain myself but very thankful for standing and approaching to worlds so called leaders 
Once again thank you very much. ",,,0.051,0.67,0.279,0.8458
wonderful,,,0.0,0.0,1.0,0.5719
Love these people,,,0.0,0.323,0.677,0.6369
My love and support to you all. ,,,0.0,0.42,0.58,0.7845
Thank you!,,,0.0,0.264,0.736,0.4199
It seems the teal jews are also the victim of isra*l,,,0.174,0.826,0.0,-0.2732
Much respect ,,,0.0,0.244,0.756,0.4767
Un grand chapeau bas et tout mon respect ils n'arriveront pas a nous diviser milles mercis ,,,0.077,0.612,0.311,0.6808
Looks like they are walking not marching. I am all for a peaceful resolution.,,,0.0,0.637,0.363,0.6908
"Antizionism is not antisÃ©mitisme 

",,,0.0,1.0,0.0,0.0
"Some Jews themselves are supporting the Muslims in Gaza, but the blind followers still feel no shame in making Israel their illegitimate father",,,0.334,0.604,0.062,-0.8608
Congratulations to them. Coexistence is still better..,,,0.0,0.606,0.394,0.5994
"Looks like they are walking not marching. I am all for a peaceful resolution.,,,,,,,,,,,,,,",,,0.0,0.637,0.363,0.6908
It seems the teal jews are also the victim of isra*,,,0.174,0.826,0.0,-0.2732
Much respect ,,,0.0,0.244,0.756,0.4767
A big tip of the hat and all my respect. They will not manage to divide us. A thousand thanks,,,0.0,0.727,0.273,0.7184
stay blessed,,,0.0,0.204,0.796,0.5994
There still some hope,,,0.0,0.508,0.492,0.4404
"This is for your silence and complicty 

God bless them
",,,0.0,0.62,0.38,0.5994
"Thats what being human stands for...""",,,0.0,1.0,0.0,0.0
Those folks were very brave.,,,0.0,0.52,0.48,0.5709
"When I need faith & peace in my...
When I need to seek to help rather than raise arms in aggression...
These peaceful warriors show the way.
Dont let up. We need u now more than ever.

Don't get fooled by this hoodlums,,,,,,,,,,,,,,
#VoteZionistsOut,,,,,,,,,,,,,,
âKnowing is easy. Understanding is hard. There's a huge difference between knowing and understanding.â - ",,,0.021,0.682,0.297,0.953
"Thread of threads.""",,,0.0,1.0,0.0,0.0
peace!,,,0.0,0.0,1.0,0.5848
Those folks were very brave.,,,0.0,0.52,0.48,0.5709
"When I need faith & peace in my...
When I need to seek to help rather than raise arms in aggression...
These peaceful warriors show the way.
Dont let up. We need u now more than ever.

#VoteZionistsOut,,,,,,,,,,,,,,
âKnowing is easy. Understanding is hard. There's a huge difference between knowing and understanding.â - ",,,0.024,0.68,0.296,0.9432
That is brave.,,,0.0,0.37,0.63,0.5267
May God bless you all,,,0.0,0.38,0.62,0.5994
Herois,,,0.0,1.0,0.0,0.0
Heroic,,,0.0,0.0,1.0,0.5574
"âThese commandments that I give you today are to be on your hearts. Impress them on your children. Talk about them when you sit at home and when you walk along the road, when you lie down and when you get upâ - Deuteronomy 6:6-7",,,0.0,0.935,0.065,0.4404
Humanity  wins,,,0.0,0.213,0.787,0.5719
Clear fact: Zionists are enemies. Jews and Christians aren't.,,,0.25,0.547,0.203,-0.1531
"Front row are obviously well placed informed, having spent many years analysing all available evidence.",,,0.0,0.87,0.13,0.2732
Humanity  wins,,,0.0,0.213,0.787,0.5719
Clear fact: Zionists are enemies. Jews and Christians aren't.,,,0.25,0.547,0.203,-0.1531
"Front row are obviously well placed informed, having spent many years analysing all available evidence.",,,0.0,0.87,0.13,0.2732
SELF HATING JEWS,,,0.623,0.377,0.0,-0.5106
Love it ,,,0.0,0.192,0.808,0.6369
Thank you Allah knows you are on the right side MashaaAllah,,,0.0,0.8,0.2,0.3612
So brave.,,,0.0,0.213,0.787,0.5709
 #ceasefirenow,,,0.0,1.0,0.0,0.0
peace,,,0.0,0.0,1.0,0.5423
"
 that is hope",,,0.0,0.408,0.592,0.4404
 Thank you.,,,0.0,0.286,0.714,0.3612
"Humanity at its best , there is a hope ",,,0.0,0.413,0.587,0.7964
These are the real Jews and real followers of Tohrat....,,,0.0,1.0,0.0,0.0
We must prosecute,,,0.574,0.426,0.0,-0.4019
"Bravo, you must be praised. You are right; all people, all faiths can live together. Politicians divide.",,,0.0,0.714,0.286,0.7184
Such courage!! Thank you for standing up for humanity ,,,0.0,0.527,0.473,0.7418
Respect to your humanity,,,0.0,0.492,0.508,0.4767
"May God Almighty bless you for making all right-minded, justice-oriented people proud!!",,,0.0,0.512,0.488,0.8217
"Humanity at its best , there is a hope ",,,0.0,0.413,0.587,0.7964
"
Whether yes or no, are you in favor of this demonstration?",,,0.138,0.438,0.425,0.5574
These are the real Jews and real followers of Tohrat....,,,0.0,1.0,0.0,0.0
Something beautiful! ,,,0.0,0.193,0.807,0.636
Respect to your humanity,,,0.0,0.492,0.508,0.4767
thank you so much,,,0.0,0.545,0.455,0.3612
"good people, I'm glad they exist",,,0.0,0.404,0.596,0.7096
There are good hearts and things in the world too,,,0.0,0.756,0.244,0.4404
Love u all ,,,0.0,0.192,0.808,0.6369
Same coin...,,,0.0,1.0,0.0,0.0
this is beautifull,,,0.0,1.0,0.0,0.0
Wonderful ! Ceasefire now !,,,0.0,0.318,0.682,0.6467
"We love you for your selflessness, adherence to your own beliefs, and dignity.",,,0.0,0.615,0.385,0.7845
Itâs really hard to pick the anti-Semites in this crowd.,,,0.158,0.842,0.0,-0.1761
WIND OF CHANGE,,,0.0,1.0,0.0,0.0
Albert Einstein would be so proud of them.,,,0.0,0.637,0.363,0.6113
I love you my brothers and sisters.,,,0.0,0.543,0.457,0.6369
this is beautifull,,,0.0,1.0,0.0,0.0
Wonderful ! Ceasefire now !,,,0.0,0.318,0.682,0.6467
"We love you for your selflessness, adherence to your own beliefs, and dignity.",,,0.0,0.615,0.385,0.7845
Itâs really hard to pick the anti-Semites in this crowd.,,,0.158,0.842,0.0,-0.1761
WIND OF CHANGE,,,0.0,1.0,0.0,0.0
Albert Einstein would be so proud of them.,,,0.0,0.637,0.363,0.6113
I love you my brothers and sisters.,,,0.0,0.543,0.457,0.6369
"The Zionists must be kicked out of Israel!!
Israeli Zionists are Ashkenazi Jews, i.e. the Kazarian Mafia, and are not Jews.
They are a group of Satan.
They are a fraudulent criminal group!!",,,0.211,0.789,0.0,-0.8302
"... ALL civilized people support Palestine.

#FromTheRiverToTheSea",,,0.0,0.69,0.31,0.4019
"They donât seem scared and intimidated 
@Baddiel",,,0.537,0.463,0.0,-0.7003
"Are they also Hamas?
,
Does that mean they are antisemites?,,,,,,,,,,,,,,
Awesome. ,,,,,,,,,,,,,,
Great job",,,0.0,0.584,0.416,0.8611
"They donât seem scared and intimidated 
@Baddiel",,,0.537,0.463,0.0,-0.7003
That's something!,,,0.0,1.0,0.0,0.0
"Awesome.  brothers! Wish I was there yl give those cute kids some treats.""",,,0.0,0.471,0.529,0.8777
"Great job, brothers! Wish I was there yl give those cute kids some treats.",,,0.0,0.498,0.502,0.8777
Let us all stand together  and PRAY for them ,,,0.0,0.725,0.275,0.4648
I wonder if John Arnold made a stop in the nations capital to bring some cameras into town..,,,0.128,0.872,0.0,-0.296
We love you all,,,0.0,0.417,0.583,0.6369
Well done. The people are for Palestine and against the genocidal Zionist regime,,,0.0,0.851,0.149,0.2732
True heroes.,,,0.0,0.0,1.0,0.7269
If they can March. So can we all.,,,0.0,1.0,0.0,0.0
but why are they in the US?,,,0.0,1.0,0.0,0.0
Thank you. From a Muslim. Thank you a thousand times.,,,0.0,0.545,0.455,0.6124
Decent human beings !!!,,,0.0,1.0,0.0,0.0
Thank you for your support to the people of Palestine. This is not a matter of religion or race. This is a matter of humanity.,,,0.082,0.721,0.197,0.6189
What a problem for the US... The Jews and the Jews but Zionists... I wonder if they'd let them walk in FLA... they don't allow ANY manifestation against... Jews! No antisemitism!! Except that the Palestinians are Semites... Freedom of Expression!!! hahahaha,,,0.161,0.72,0.119,0.5137
Van mÃ©g  tÃ¶bb  csoport?!,,,0.0,1.0,0.0,0.0
"Thank very much for exposing the #Zionism and the #Zionists 
Because of your efforts the world  got educated about the evilness of Zionism. 
#ZionismIsNotJudaism",,,0.216,0.701,0.083,-0.6077
"Wow look at all those antisemitic ppl? 

I mean wait... whats the token excuse now for the Zionists when they see this? ",,,0.0,0.777,0.223,0.6662
I love you all. THANK YOU,,,0.0,0.288,0.712,0.8143
"Nethanyahu, they all are knows your ugly face 
Shame you killer of innocent Muslims children",,,0.444,0.456,0.1,-0.8519
"
 I do have a genuine question tho about this, I have seen many Israelis calling these rallies as anti Semitic. I mean like if it is, why do the Jewish communities also join in? 

Are you going to call them Kapo? Some of them are Orthodox Jews tho.",,,0.048,0.848,0.105,0.4137
"
 why is your media not showing this? Have you wondered?",,,0.0,1.0,0.0,0.0
"Beautiful gesture! 

When genuine affection can finally win,why kill it with the infection of war?

Israel Govt : You may WIN this war, but you have lost the world..At least listen to the âvoice of sanityâ from your own people!  

Hostages shall return. But the dead left forever.",,,0.271,0.613,0.117,-0.8961
You show your children only when you know firmly you're in the good side,,,0.0,0.818,0.182,0.4404
"Zionism is not Judaism
Hindutva is not Hinduism",,,0.0,1.0,0.0,0.0
Thank you ,,,0.0,0.286,0.714,0.3612
"You really have my utmost respect, all the best to you all.",,,0.0,0.578,0.422,0.8074
"It's acceptable to be anti-Zionist cos they have shown themselves Nazis, it's also acceptable to protest the murderous Isreali government but anything else....",,,0.155,0.72,0.125,-0.2023
Do your best,,,0.0,0.323,0.677,0.6369
Once again for the back: Israel is not Jews.,,,0.0,1.0,0.0,0.0
 kind Jewish people of Americaã,,,0.0,0.541,0.459,0.5267
"#CeasefireNOW #RemoveNetanyahu #TwoStateSolution Don't make the same mistakes as Cyprus, which remains divided for so many decades. Learn from history.",,,0.116,0.884,0.0,-0.3612
We stand with Palestine.,,,0.0,1.0,0.0,0.0
"Anthem for Palestine

#Al-Hilal_Ahly #Gaza_Now
#Gazabombing #starlinkforgaza 
#Save_Palestine
Pary for #Gaza
Thatâs from Ukraine and thatâs a Russian tank
Since when is Israel fighting in Ukraine with russian tanks? I am confused.
For the sake of world peace",,,0.116,0.799,0.085,-0.0772
"We have to raise our voices for world peace. Raise your voice for a ceasefire between Palestine and Israel. Free Palestine""",,,0.0,0.726,0.274,0.7783
Boycott israel,,,0.697,0.303,0.0,-0.3182
"yes but its not a 'state' as it has no fixed borders
@IDF
 blew up a mosque
wonder if it had people inside?",,,0.118,0.803,0.078,-0.2382
Goes without saying.,,,0.0,1.0,0.0,0.0
If there is hell on the earth that is lives of Children in Gaza .,,,0.261,0.739,0.0,-0.6808
Good job By HAMAS,,,0.0,0.508,0.492,0.4404
That is video from Ukraine! Nice try!,,,0.0,0.639,0.361,0.5242
Donât spread propaganda,,,0.5,0.5,0.0,-0.25
Mashallah.. Mashallah.. Praise be to God,,,0.0,0.412,0.588,0.6908
Allahoakber,,,0.0,1.0,0.0,0.0
Say God  willing,,,0.0,0.488,0.512,0.2732
Have some patience and the smoke is still to come.,,,0.0,1.0,0.0,0.0
Allah Huakbar,,,0.0,1.0,0.0,0.0
Lmao no ,,,0.361,0.0,0.639,0.4019
Allah is the greatest,,,0.0,0.417,0.583,0.6369
Typical madrshachap comment,,,0.0,1.0,0.0,0.0
Standing for israel,,,0.0,1.0,0.0,0.0
Islam is a terrorist religion,,,0.61,0.39,0.0,-0.6908
Typical madrshachap comment,,,0.0,1.0,0.0,0.0
Standing for israel,,,0.0,1.0,0.0,0.0
"Israel fearlessly fighting for the homeland of judaism people
aggression must not be tolerated
Israel",,,0.25,0.638,0.112,-0.3818
Islam is a terrorist religion,,,0.61,0.39,0.0,-0.6908
Hey this in not in Gaza .,,,0.0,1.0,0.0,0.0
Lies and propaganda,,,0.828,0.172,0.0,-0.5859
The fascists have got a strong hold on Israel's politics and direction. Like a cult.,,,0.102,0.568,0.33,0.6124
"Never again 
#CeasefireInGazaNOW #Abu Obeida #Gaza #GazaCeasefire #Gaza_Geniocide #GazaWar #Gaza_under_attack #GazaHolocaust #GenocideinGaza #GenocideJoe #Palestine",,,0.0,1.0,0.0,0.0
"Dear Muslims,

I said âThe world is scared of usâ and many of you called for my death. 

I said âThe world is laughing at usâ and many of you said I was going to âburn in an eternal Hellâ and that I am âa CIA agentâ. 

I said âThe world is worried about usâ and many of you saidâ¦",,,0.139,0.772,0.09,-0.4939
